Name;Element list
W_5_15_300;[[1.165,(36,148)],[1.424,(36,148)],[1.165,(36,148)],[1.424,(36,148)],[1.6,(36,36)],[1.8,(36,36)],[1.6,(36,36)],[0.563,(36,36)],[0.563,(36,36)],[1.122,(36,36)],[1.122,(36,36)]]
W_7_15_300;[[1.631,(61,198)],[1.993,(61,198)],[1.631,(61,198)],[1.993,(61,198)],[2.24,(36,148)],[2.52,(36,148)],[2.24,(36,148)],[0.788,(36,36)],[0.788,(36,36)],[1.571,(36,36)],[1.571,(36,36)]]
W_9_15_300;[[2.096,(73,223)],[2.562,(73,223)],[2.096,(73,223)],[2.562,(73,223)],[2.88,(36,148)],[3.24,(36,148)],[2.88,(36,148)],[1.013,(36,48)],[1.013,(36,48)],[2.019,(36,48)],[2.019,(36,48)]]
W_11_15_300;[[2.562,(73,223)],[3.132,(73,223)],[2.562,(73,223)],[3.132,(73,223)],[3.52,(48,198)],[3.96,(48,198)],[3.52,(48,198)],[1.238,(36,148)],[1.238,(36,148)],[2.468,(36,148)],[2.468,(36,148)]]
W_13_15_300;[[3.028,(73,223)],[3.701,(73,223)],[3.028,(73,223)],[3.701,(73,223)],[4.16,(61,198)],[4.68,(61,198)],[4.16,(61,198)],[1.463,(48,148)],[1.463,(48,148)],[2.917,(48,148)],[2.917,(48,148)]]
W_15_15_300;[[3.494,(73,223)],[4.271,(73,223)],[3.494,(73,223)],[4.271,(73,223)],[4.8,(73,223)],[5.4,(73,223)],[4.8,(73,223)],[1.688,(48,148)],[1.688,(48,148)],[3.366,(48,148)],[3.366,(48,148)]]
W_17_15_300;[[3.96,(73,223)],[4.84,(73,223)],[3.96,(73,223)],[4.84,(73,223)],[5.44,(73,223)],[6.12,(73,223)],[5.44,(73,223)],[1.913,(48,198)],[1.913,(48,198)],[3.815,(48,198)],[3.815,(48,198)]]
W_19_15_300;[[4.426,(73,223)],[5.409,(73,223)],[4.426,(73,223)],[5.409,(73,223)],[6.08,(73,223)],[6.84,(73,223)],[6.08,(73,223)],[2.138,(61,198)],[2.138,(61,198)],[4.263,(61,198)],[4.263,(61,198)]]
W_5_20_300;[[1.197,(36,148)],[1.463,(36,148)],[1.197,(36,148)],[1.463,(36,148)],[1.6,(36,36)],[1.8,(36,36)],[1.6,(36,36)],[0.627,(36,36)],[0.627,(36,36)],[1.28,(36,36)],[1.28,(36,36)]]
W_7_20_300;[[1.676,(61,198)],[2.049,(61,198)],[1.676,(61,198)],[2.049,(61,198)],[2.24,(36,148)],[2.52,(36,148)],[2.24,(36,148)],[0.878,(36,36)],[0.878,(36,36)],[1.792,(36,36)],[1.792,(36,36)]]
W_9_20_300;[[2.155,(73,223)],[2.634,(73,223)],[2.155,(73,223)],[2.634,(73,223)],[2.88,(36,148)],[3.24,(36,148)],[2.88,(36,148)],[1.129,(36,148)],[1.129,(36,148)],[2.304,(36,148)],[2.304,(36,148)]]
W_11_20_300;[[2.634,(73,223)],[3.219,(73,223)],[2.634,(73,223)],[3.219,(73,223)],[3.52,(48,148)],[3.96,(48,148)],[3.52,(48,148)],[1.38,(36,148)],[1.38,(36,148)],[2.816,(36,148)],[2.816,(36,148)]]
W_13_20_300;[[3.113,(73,223)],[3.804,(73,223)],[3.113,(73,223)],[3.804,(73,223)],[4.16,(48,198)],[4.68,(48,198)],[4.16,(48,198)],[1.631,(48,148)],[1.631,(48,148)],[3.328,(48,148)],[3.328,(48,148)]]
W_15_20_300;[[3.592,(73,223)],[4.39,(73,223)],[3.592,(73,223)],[4.39,(73,223)],[4.8,(73,223)],[5.4,(73,223)],[4.8,(73,223)],[1.881,(48,148)],[1.881,(48,148)],[3.839,(48,148)],[3.839,(48,148)]]
W_17_20_300;[[4.07,(73,223)],[4.975,(73,223)],[4.07,(73,223)],[4.975,(73,223)],[5.44,(73,223)],[6.12,(73,223)],[5.44,(73,223)],[2.132,(61,198)],[2.132,(61,198)],[4.351,(61,198)],[4.351,(61,198)]]
W_19_20_300;[[4.549,(73,223)],[5.56,(73,223)],[4.549,(73,223)],[5.56,(73,223)],[6.08,(73,223)],[6.84,(73,223)],[6.08,(73,223)],[2.383,(61,198)],[2.383,(61,198)],[4.863,(61,198)],[4.863,(61,198)]]
W_5_25_300;[[1.241,(36,148)],[1.517,(36,148)],[1.241,(36,148)],[1.517,(36,148)],[1.6,(36,36)],[1.8,(36,36)],[1.6,(36,36)],[0.708,(36,36)],[0.708,(36,36)],[1.473,(36,36)],[1.473,(36,36)]]
W_7_25_300;[[1.738,(48,198)],[2.124,(48,198)],[1.738,(48,198)],[2.124,(48,198)],[2.24,(36,148)],[2.52,(36,148)],[2.24,(36,148)],[0.991,(36,36)],[0.991,(36,36)],[2.062,(36,36)],[2.062,(36,36)]]
W_9_25_300;[[2.234,(73,198)],[2.731,(73,198)],[2.234,(73,198)],[2.731,(73,198)],[2.88,(36,148)],[3.24,(36,148)],[2.88,(36,148)],[1.274,(36,148)],[1.274,(36,148)],[2.651,(36,148)],[2.651,(36,148)]]
W_11_25_300;[[2.731,(73,223)],[3.338,(73,223)],[2.731,(73,223)],[3.338,(73,223)],[3.52,(36,148)],[3.96,(36,148)],[3.52,(36,148)],[1.557,(36,148)],[1.557,(36,148)],[3.24,(36,148)],[3.24,(36,148)]]
W_13_25_300;[[3.227,(73,223)],[3.945,(73,223)],[3.227,(73,223)],[3.945,(73,223)],[4.16,(48,198)],[4.68,(48,198)],[4.16,(48,198)],[1.84,(48,148)],[1.84,(48,148)],[3.829,(48,148)],[3.829,(48,148)]]
W_15_25_300;[[3.724,(73,223)],[4.551,(73,223)],[3.724,(73,223)],[4.551,(73,223)],[4.8,(73,223)],[5.4,(73,223)],[4.8,(73,223)],[2.123,(48,198)],[2.123,(48,198)],[4.418,(48,198)],[4.418,(48,198)]]
W_17_25_300;[[4.22,(73,223)],[5.158,(73,223)],[4.22,(73,223)],[5.158,(73,223)],[5.44,(73,223)],[6.12,(73,223)],[5.44,(73,223)],[2.406,(61,198)],[2.406,(61,198)],[5.007,(61,198)],[5.007,(61,198)]]
W_19_25_300;[[4.717,(73,223)],[5.765,(73,223)],[4.717,(73,223)],[5.765,(73,223)],[6.08,(73,223)],[6.84,(73,223)],[6.08,(73,223)],[2.689,(61,198)],[2.689,(61,198)],[5.596,(61,198)],[5.596,(61,198)]]
W_5_30_300;[[1.299,(36,148)],[1.588,(36,148)],[1.299,(36,148)],[1.588,(36,148)],[1.6,(36,36)],[1.8,(36,36)],[1.6,(36,36)],[0.805,(36,36)],[0.805,(36,36)],[1.701,(36,36)],[1.701,(36,36)]]
W_7_30_300;[[1.819,(48,198)],[2.223,(48,198)],[1.819,(48,198)],[2.223,(48,198)],[2.24,(36,148)],[2.52,(36,148)],[2.24,(36,148)],[1.127,(36,36)],[1.127,(36,36)],[2.381,(36,36)],[2.381,(36,36)]]
W_9_30_300;[[2.338,(73,198)],[2.858,(73,198)],[2.338,(73,198)],[2.858,(73,198)],[2.88,(36,148)],[3.24,(36,148)],[2.88,(36,148)],[1.448,(36,148)],[1.448,(36,148)],[3.062,(36,148)],[3.062,(36,148)]]
W_11_30_300;[[2.858,(73,223)],[3.493,(73,223)],[2.858,(73,223)],[3.493,(73,223)],[3.52,(36,148)],[3.96,(36,148)],[3.52,(36,148)],[1.77,(48,148)],[1.77,(48,148)],[3.742,(48,148)],[3.742,(48,148)]]
W_13_30_300;[[3.377,(73,223)],[4.128,(73,223)],[3.377,(73,223)],[4.128,(73,223)],[4.16,(48,198)],[4.68,(48,198)],[4.16,(48,198)],[2.092,(48,148)],[2.092,(48,148)],[4.423,(48,148)],[4.423,(48,148)]]
W_15_30_300;[[3.897,(73,223)],[4.763,(73,223)],[3.897,(73,223)],[4.763,(73,223)],[4.8,(73,198)],[5.4,(73,198)],[4.8,(73,198)],[2.414,(61,198)],[2.414,(61,198)],[5.103,(61,198)],[5.103,(61,198)]]
W_17_30_300;[[4.417,(73,223)],[5.398,(73,223)],[4.417,(73,223)],[5.398,(73,223)],[5.44,(73,223)],[6.12,(73,223)],[5.44,(73,223)],[2.736,(61,198)],[2.736,(61,198)],[5.783,(61,198)],[5.783,(61,198)]]
W_19_30_300;[[4.936,(73,223)],[6.033,(73,223)],[4.936,(73,223)],[6.033,(73,223)],[6.08,(73,223)],[6.84,(73,223)],[6.08,(73,223)],[3.058,(73,198)],[3.058,(73,198)],[6.464,(73,198)],[6.464,(73,198)]]
W_5_35_300;[[1.373,(36,148)],[1.679,(36,148)],[1.373,(36,148)],[1.679,(36,148)],[1.6,(36,36)],[1.8,(36,36)],[1.6,(36,36)],[0.92,(36,36)],[0.92,(36,36)],[1.968,(36,36)],[1.968,(36,36)]]
W_7_35_300;[[1.923,(48,148)],[2.35,(48,148)],[1.923,(48,148)],[2.35,(48,148)],[2.24,(36,48)],[2.52,(36,48)],[2.24,(36,48)],[1.288,(36,48)],[1.288,(36,48)],[2.756,(36,48)],[2.756,(36,48)]]
W_9_35_300;[[2.472,(73,198)],[3.021,(73,198)],[2.472,(73,198)],[3.021,(73,198)],[2.88,(36,148)],[3.24,(36,148)],[2.88,(36,148)],[1.656,(36,148)],[1.656,(36,148)],[3.543,(36,148)],[3.543,(36,148)]]
W_11_35_300;[[3.021,(73,223)],[3.693,(73,223)],[3.021,(73,223)],[3.693,(73,223)],[3.52,(36,148)],[3.96,(36,148)],[3.52,(36,148)],[2.024,(48,148)],[2.024,(48,148)],[4.33,(48,148)],[4.33,(48,148)]]
W_13_35_300;[[3.571,(73,223)],[4.364,(73,223)],[3.571,(73,223)],[4.364,(73,223)],[4.16,(36,198)],[4.68,(36,198)],[4.16,(36,198)],[2.392,(48,198)],[2.392,(48,198)],[5.118,(48,198)],[5.118,(48,198)]]
W_15_35_300;[[4.12,(73,223)],[5.036,(73,223)],[4.12,(73,223)],[5.036,(73,223)],[4.8,(73,198)],[5.4,(73,198)],[4.8,(73,198)],[2.76,(61,198)],[2.76,(61,198)],[5.905,(61,198)],[5.905,(61,198)]]
W_17_35_300;[[4.669,(73,223)],[5.707,(73,223)],[4.669,(73,223)],[5.707,(73,223)],[5.44,(73,223)],[6.12,(73,223)],[5.44,(73,223)],[3.128,(73,198)],[3.128,(73,198)],[6.692,(73,198)],[6.692,(73,198)]]
W_19_35_300;[[5.219,(73,223)],[6.379,(73,223)],[5.219,(73,223)],[6.379,(73,223)],[6.08,(73,223)],[6.84,(73,223)],[6.08,(73,223)],[3.495,(73,223)],[3.495,(73,223)],[7.48,(73,223)],[7.48,(73,223)]]
W_5_40_300;[[1.469,(36,148)],[1.795,(36,148)],[1.469,(36,148)],[1.795,(36,148)],[1.6,(36,36)],[1.8,(36,36)],[1.6,(36,36)],[1.057,(36,36)],[1.057,(36,36)],[2.283,(36,36)],[2.283,(36,36)]]
W_7_40_300;[[2.056,(61,198)],[2.513,(61,198)],[2.056,(61,198)],[2.513,(61,198)],[2.24,(36,148)],[2.52,(36,148)],[2.24,(36,148)],[1.479,(36,148)],[1.479,(36,148)],[3.196,(36,148)],[3.196,(36,148)]]
W_9_40_300;[[2.643,(73,223)],[3.231,(73,223)],[2.643,(73,223)],[3.231,(73,223)],[2.88,(36,148)],[3.24,(36,148)],[2.88,(36,148)],[1.902,(36,148)],[1.902,(36,148)],[4.109,(36,148)],[4.109,(36,148)]]
W_11_40_300;[[3.231,(73,223)],[3.949,(73,223)],[3.231,(73,223)],[3.949,(73,223)],[3.52,(36,148)],[3.96,(36,148)],[3.52,(36,148)],[2.325,(48,148)],[2.325,(48,148)],[5.022,(48,148)],[5.022,(48,148)]]
W_13_40_300;[[3.818,(73,223)],[4.667,(73,223)],[3.818,(73,223)],[4.667,(73,223)],[4.16,(48,198)],[4.68,(48,198)],[4.16,(48,198)],[2.748,(61,198)],[2.748,(61,198)],[5.935,(61,198)],[5.935,(61,198)]]
W_15_40_300;[[4.406,(73,223)],[5.385,(73,223)],[4.406,(73,223)],[5.385,(73,223)],[4.8,(73,198)],[5.4,(73,198)],[4.8,(73,198)],[3.17,(73,198)],[3.17,(73,198)],[6.848,(73,198)],[6.848,(73,198)]]
W_17_40_300;[[4.993,(73,223)],[6.103,(73,223)],[4.993,(73,223)],[6.103,(73,223)],[5.44,(73,223)],[6.12,(73,223)],[5.44,(73,223)],[3.593,(73,223)],[3.593,(73,223)],[7.761,(73,223)],[7.761,(73,223)]]
W_19_40_300;[[5.581,(73,223)],[6.821,(73,223)],[5.581,(73,223)],[6.821,(73,223)],[6.08,(73,223)],[6.84,(73,223)],[6.08,(73,223)],[4.016,(73,223)],[4.016,(73,223)],[8.674,(73,223)],[8.674,(73,223)]]
W_5_45_300;[[1.591,(36,148)],[1.945,(36,148)],[1.591,(36,148)],[1.945,(36,148)],[1.6,(36,36)],[1.8,(36,36)],[1.6,(36,36)],[1.221,(36,36)],[1.221,(36,36)],[2.657,(36,36)],[2.657,(36,36)]]
W_7_45_300;[[2.227,(61,198)],[2.722,(61,198)],[2.227,(61,198)],[2.722,(61,198)],[2.24,(36,148)],[2.52,(36,148)],[2.24,(36,148)],[1.71,(36,148)],[1.71,(36,148)],[3.72,(36,148)],[3.72,(36,148)]]
W_9_45_300;[[2.864,(73,223)],[3.5,(73,223)],[2.864,(73,223)],[3.5,(73,223)],[2.88,(36,148)],[3.24,(36,148)],[2.88,(36,148)],[2.198,(48,148)],[2.198,(48,148)],[4.783,(48,148)],[4.783,(48,148)]]
W_11_45_300;[[3.5,(73,223)],[4.278,(73,223)],[3.5,(73,223)],[4.278,(73,223)],[3.52,(36,148)],[3.96,(36,148)],[3.52,(36,148)],[2.687,(61,198)],[2.687,(61,198)],[5.846,(61,198)],[5.846,(61,198)]]
W_13_45_300;[[4.137,(73,223)],[5.056,(73,223)],[4.137,(73,223)],[5.056,(73,223)],[4.16,(48,198)],[4.68,(48,198)],[4.16,(48,198)],[3.175,(73,198)],[3.175,(73,198)],[6.908,(73,198)],[6.908,(73,198)]]
W_15_45_300;[[4.773,(73,223)],[5.834,(73,223)],[4.773,(73,223)],[5.834,(73,223)],[4.8,(73,223)],[5.4,(73,223)],[4.8,(73,223)],[3.664,(73,223)],[3.664,(73,223)],[7.971,(73,223)],[7.971,(73,223)]]
W_17_45_300;[[5.409,(73,223)],[6.611,(73,223)],[5.409,(73,223)],[6.611,(73,223)],[5.44,(73,223)],[6.12,(73,223)],[5.44,(73,223)],[4.152,(73,223)],[4.152,(73,223)],[9.034,(73,223)],[9.034,(73,223)]]
W_19_45_300;[[6.046,(73,223)],[7.389,(73,223)],[6.046,(73,223)],[7.389,(73,223)],[6.08,(73,223)],[6.84,(73,223)],[6.08,(73,223)],[4.64,(73,223)],[4.64,(73,223)],[10.097,(73,223)],[10.097,(73,223)]]
W_5_15_500;[[1.165,(36,148)],[1.424,(36,148)],[1.165,(36,148)],[1.424,(36,148)],[1.6,(36,36)],[1.8,(36,36)],[1.6,(36,36)],[0.563,(36,36)],[0.563,(36,36)],[1.122,(36,36)],[1.122,(36,36)]]
W_7_15_500;[[1.631,(61,198)],[1.993,(61,198)],[1.631,(61,198)],[1.993,(61,198)],[2.24,(36,148)],[2.52,(36,148)],[2.24,(36,148)],[0.788,(36,36)],[0.788,(36,36)],[1.571,(36,36)],[1.571,(36,36)]]
W_9_15_500;[[2.096,(73,223)],[2.562,(73,223)],[2.096,(73,223)],[2.562,(73,223)],[2.88,(36,148)],[3.24,(36,148)],[2.88,(36,148)],[1.013,(36,48)],[1.013,(36,48)],[2.019,(36,48)],[2.019,(36,48)]]
W_11_15_500;[[2.562,(73,223)],[3.132,(73,223)],[2.562,(73,223)],[3.132,(73,223)],[3.52,(48,198)],[3.96,(48,198)],[3.52,(48,198)],[1.238,(36,148)],[1.238,(36,148)],[2.468,(36,148)],[2.468,(36,148)]]
W_13_15_500;[[3.028,(73,223)],[3.701,(73,223)],[3.028,(73,223)],[3.701,(73,223)],[4.16,(73,198)],[4.68,(73,198)],[4.16,(73,198)],[1.463,(48,148)],[1.463,(48,148)],[2.917,(48,148)],[2.917,(48,148)]]
W_15_15_500;[[3.494,(73,223)],[4.271,(73,223)],[3.494,(73,223)],[4.271,(73,223)],[4.8,(73,223)],[5.4,(73,223)],[4.8,(73,223)],[1.688,(48,148)],[1.688,(48,148)],[3.366,(48,148)],[3.366,(48,148)]]
W_17_15_500;[[3.96,(73,223)],[4.84,(73,223)],[3.96,(73,223)],[4.84,(73,223)],[5.44,(73,223)],[6.12,(73,223)],[5.44,(73,223)],[1.913,(48,198)],[1.913,(48,198)],[3.815,(48,198)],[3.815,(48,198)]]
W_19_15_500;[[4.426,(73,223)],[5.409,(73,223)],[4.426,(73,223)],[5.409,(73,223)],[6.08,(73,223)],[6.84,(73,223)],[6.08,(73,223)],[2.138,(61,198)],[2.138,(61,198)],[4.263,(61,198)],[4.263,(61,198)]]
W_5_20_500;[[1.197,(36,148)],[1.463,(36,148)],[1.197,(36,148)],[1.463,(36,148)],[1.6,(36,36)],[1.8,(36,36)],[1.6,(36,36)],[0.627,(36,36)],[0.627,(36,36)],[1.28,(36,36)],[1.28,(36,36)]]
W_7_20_500;[[1.676,(61,198)],[2.049,(61,198)],[1.676,(61,198)],[2.049,(61,198)],[2.24,(36,148)],[2.52,(36,148)],[2.24,(36,148)],[0.878,(36,36)],[0.878,(36,36)],[1.792,(36,36)],[1.792,(36,36)]]
W_9_20_500;[[2.155,(73,223)],[2.634,(73,223)],[2.155,(73,223)],[2.634,(73,223)],[2.88,(36,148)],[3.24,(36,148)],[2.88,(36,148)],[1.129,(36,148)],[1.129,(36,148)],[2.304,(36,148)],[2.304,(36,148)]]
W_11_20_500;[[2.634,(73,223)],[3.219,(73,223)],[2.634,(73,223)],[3.219,(73,223)],[3.52,(48,148)],[3.96,(48,148)],[3.52,(48,148)],[1.38,(36,148)],[1.38,(36,148)],[2.816,(36,148)],[2.816,(36,148)]]
W_13_20_500;[[3.113,(73,223)],[3.804,(73,223)],[3.113,(73,223)],[3.804,(73,223)],[4.16,(61,198)],[4.68,(61,198)],[4.16,(61,198)],[1.631,(48,148)],[1.631,(48,148)],[3.328,(48,148)],[3.328,(48,148)]]
W_15_20_500;[[3.592,(73,223)],[4.39,(73,223)],[3.592,(73,223)],[4.39,(73,223)],[4.8,(73,223)],[5.4,(73,223)],[4.8,(73,223)],[1.881,(48,198)],[1.881,(48,198)],[3.839,(48,198)],[3.839,(48,198)]]
W_17_20_500;[[4.07,(73,223)],[4.975,(73,223)],[4.07,(73,223)],[4.975,(73,223)],[5.44,(73,223)],[6.12,(73,223)],[5.44,(73,223)],[2.132,(61,198)],[2.132,(61,198)],[4.351,(61,198)],[4.351,(61,198)]]
W_19_20_500;[[4.549,(73,223)],[5.56,(73,223)],[4.549,(73,223)],[5.56,(73,223)],[6.08,(73,223)],[6.84,(73,223)],[6.08,(73,223)],[2.383,(61,198)],[2.383,(61,198)],[4.863,(61,198)],[4.863,(61,198)]]
W_5_25_500;[[1.241,(36,148)],[1.517,(36,148)],[1.241,(36,148)],[1.517,(36,148)],[1.6,(36,36)],[1.8,(36,36)],[1.6,(36,36)],[0.708,(36,36)],[0.708,(36,36)],[1.473,(36,36)],[1.473,(36,36)]]
W_7_25_500;[[1.738,(61,198)],[2.124,(61,198)],[1.738,(61,198)],[2.124,(61,198)],[2.24,(36,148)],[2.52,(36,148)],[2.24,(36,148)],[0.991,(36,36)],[0.991,(36,36)],[2.062,(36,36)],[2.062,(36,36)]]
W_9_25_500;[[2.234,(73,223)],[2.731,(73,223)],[2.234,(73,223)],[2.731,(73,223)],[2.88,(36,148)],[3.24,(36,148)],[2.88,(36,148)],[1.274,(36,148)],[1.274,(36,148)],[2.651,(36,148)],[2.651,(36,148)]]
W_11_25_500;[[2.731,(73,223)],[3.338,(73,223)],[2.731,(73,223)],[3.338,(73,223)],[3.52,(48,148)],[3.96,(48,148)],[3.52,(48,148)],[1.557,(36,148)],[1.557,(36,148)],[3.24,(36,148)],[3.24,(36,148)]]
W_13_25_500;[[3.227,(73,223)],[3.945,(73,223)],[3.227,(73,223)],[3.945,(73,223)],[4.16,(48,198)],[4.68,(48,198)],[4.16,(48,198)],[1.84,(48,148)],[1.84,(48,148)],[3.829,(48,148)],[3.829,(48,148)]]
W_15_25_500;[[3.724,(73,223)],[4.551,(73,223)],[3.724,(73,223)],[4.551,(73,223)],[4.8,(73,223)],[5.4,(73,223)],[4.8,(73,223)],[2.123,(48,198)],[2.123,(48,198)],[4.418,(48,198)],[4.418,(48,198)]]
W_17_25_500;[[4.22,(73,223)],[5.158,(73,223)],[4.22,(73,223)],[5.158,(73,223)],[5.44,(73,223)],[6.12,(73,223)],[5.44,(73,223)],[2.406,(61,198)],[2.406,(61,198)],[5.007,(61,198)],[5.007,(61,198)]]
W_19_25_500;[[4.717,(73,223)],[5.765,(73,223)],[4.717,(73,223)],[5.765,(73,223)],[6.08,(73,223)],[6.84,(73,223)],[6.08,(73,223)],[2.689,(73,198)],[2.689,(73,198)],[5.596,(73,198)],[5.596,(73,198)]]
W_5_30_500;[[1.299,(36,148)],[1.588,(36,148)],[1.299,(36,148)],[1.588,(36,148)],[1.6,(36,36)],[1.8,(36,36)],[1.6,(36,36)],[0.805,(36,36)],[0.805,(36,36)],[1.701,(36,36)],[1.701,(36,36)]]
W_7_30_500;[[1.819,(48,198)],[2.223,(48,198)],[1.819,(48,198)],[2.223,(48,198)],[2.24,(36,148)],[2.52,(36,148)],[2.24,(36,148)],[1.127,(36,36)],[1.127,(36,36)],[2.381,(36,36)],[2.381,(36,36)]]
W_9_30_500;[[2.338,(73,223)],[2.858,(73,223)],[2.338,(73,223)],[2.858,(73,223)],[2.88,(36,148)],[3.24,(36,148)],[2.88,(36,148)],[1.448,(36,148)],[1.448,(36,148)],[3.062,(36,148)],[3.062,(36,148)]]
W_11_30_500;[[2.858,(73,223)],[3.493,(73,223)],[2.858,(73,223)],[3.493,(73,223)],[3.52,(48,148)],[3.96,(48,148)],[3.52,(48,148)],[1.77,(48,148)],[1.77,(48,148)],[3.742,(48,148)],[3.742,(48,148)]]
W_13_30_500;[[3.377,(73,223)],[4.128,(73,223)],[3.377,(73,223)],[4.128,(73,223)],[4.16,(48,198)],[4.68,(48,198)],[4.16,(48,198)],[2.092,(48,148)],[2.092,(48,148)],[4.423,(48,148)],[4.423,(48,148)]]
W_15_30_500;[[3.897,(73,223)],[4.763,(73,223)],[3.897,(73,223)],[4.763,(73,223)],[4.8,(73,223)],[5.4,(73,223)],[4.8,(73,223)],[2.414,(61,198)],[2.414,(61,198)],[5.103,(61,198)],[5.103,(61,198)]]
W_17_30_500;[[4.417,(73,223)],[5.398,(73,223)],[4.417,(73,223)],[5.398,(73,223)],[5.44,(73,223)],[6.12,(73,223)],[5.44,(73,223)],[2.736,(61,198)],[2.736,(61,198)],[5.783,(61,198)],[5.783,(61,198)]]
W_19_30_500;[[4.936,(73,223)],[6.033,(73,223)],[4.936,(73,223)],[6.033,(73,223)],[6.08,(73,223)],[6.84,(73,223)],[6.08,(73,223)],[3.058,(73,198)],[3.058,(73,198)],[6.464,(73,198)],[6.464,(73,198)]]
W_5_35_500;[[1.373,(36,148)],[1.679,(36,148)],[1.373,(36,148)],[1.679,(36,148)],[1.6,(36,36)],[1.8,(36,36)],[1.6,(36,36)],[0.92,(36,36)],[0.92,(36,36)],[1.968,(36,36)],[1.968,(36,36)]]
W_7_35_500;[[1.923,(48,198)],[2.35,(48,198)],[1.923,(48,198)],[2.35,(48,198)],[2.24,(36,148)],[2.52,(36,148)],[2.24,(36,148)],[1.288,(36,36)],[1.288,(36,36)],[2.756,(36,36)],[2.756,(36,36)]]
W_9_35_500;[[2.472,(73,223)],[3.021,(73,223)],[2.472,(73,223)],[3.021,(73,223)],[2.88,(36,148)],[3.24,(36,148)],[2.88,(36,148)],[1.656,(36,148)],[1.656,(36,148)],[3.543,(36,148)],[3.543,(36,148)]]
W_11_35_500;[[3.021,(73,223)],[3.693,(73,223)],[3.021,(73,223)],[3.693,(73,223)],[3.52,(36,148)],[3.96,(36,148)],[3.52,(36,148)],[2.024,(48,148)],[2.024,(48,148)],[4.33,(48,148)],[4.33,(48,148)]]
W_13_35_500;[[3.571,(73,223)],[4.364,(73,223)],[3.571,(73,223)],[4.364,(73,223)],[4.16,(48,198)],[4.68,(48,198)],[4.16,(48,198)],[2.392,(48,198)],[2.392,(48,198)],[5.118,(48,198)],[5.118,(48,198)]]
W_15_35_500;[[4.12,(73,223)],[5.036,(73,223)],[4.12,(73,223)],[5.036,(73,223)],[4.8,(73,223)],[5.4,(73,223)],[4.8,(73,223)],[2.76,(61,198)],[2.76,(61,198)],[5.905,(61,198)],[5.905,(61,198)]]
W_17_35_500;[[4.669,(73,223)],[5.707,(73,223)],[4.669,(73,223)],[5.707,(73,223)],[5.44,(73,223)],[6.12,(73,223)],[5.44,(73,223)],[3.128,(73,198)],[3.128,(73,198)],[6.692,(73,198)],[6.692,(73,198)]]
W_19_35_500;[[5.219,(73,223)],[6.379,(73,223)],[5.219,(73,223)],[6.379,(73,223)],[6.08,(73,223)],[6.84,(73,223)],[6.08,(73,223)],[3.495,(73,223)],[3.495,(73,223)],[7.48,(73,223)],[7.48,(73,223)]]
W_5_40_500;[[1.469,(36,148)],[1.795,(36,148)],[1.469,(36,148)],[1.795,(36,148)],[1.6,(36,36)],[1.8,(36,36)],[1.6,(36,36)],[1.057,(36,36)],[1.057,(36,36)],[2.283,(36,36)],[2.283,(36,36)]]
W_7_40_500;[[2.056,(61,198)],[2.513,(61,198)],[2.056,(61,198)],[2.513,(61,198)],[2.24,(36,148)],[2.52,(36,148)],[2.24,(36,148)],[1.479,(36,148)],[1.479,(36,148)],[3.196,(36,148)],[3.196,(36,148)]]
W_9_40_500;[[2.643,(73,223)],[3.231,(73,223)],[2.643,(73,223)],[3.231,(73,223)],[2.88,(36,148)],[3.24,(36,148)],[2.88,(36,148)],[1.902,(48,148)],[1.902,(48,148)],[4.109,(48,148)],[4.109,(48,148)]]
W_11_40_500;[[3.231,(73,223)],[3.949,(73,223)],[3.231,(73,223)],[3.949,(73,223)],[3.52,(36,148)],[3.96,(36,148)],[3.52,(36,148)],[2.325,(48,148)],[2.325,(48,148)],[5.022,(48,148)],[5.022,(48,148)]]
W_13_40_500;[[3.818,(73,223)],[4.667,(73,223)],[3.818,(73,223)],[4.667,(73,223)],[4.16,(48,198)],[4.68,(48,198)],[4.16,(48,198)],[2.748,(61,198)],[2.748,(61,198)],[5.935,(61,198)],[5.935,(61,198)]]
W_15_40_500;[[4.406,(73,223)],[5.385,(73,223)],[4.406,(73,223)],[5.385,(73,223)],[4.8,(73,223)],[5.4,(73,223)],[4.8,(73,223)],[3.17,(73,198)],[3.17,(73,198)],[6.848,(73,198)],[6.848,(73,198)]]
W_17_40_500;[[4.993,(73,223)],[6.103,(73,223)],[4.993,(73,223)],[6.103,(73,223)],[5.44,(73,223)],[6.12,(73,223)],[5.44,(73,223)],[3.593,(73,223)],[3.593,(73,223)],[7.761,(73,223)],[7.761,(73,223)]]
W_19_40_500;[[5.581,(73,223)],[6.821,(73,223)],[5.581,(73,223)],[6.821,(73,223)],[6.08,(73,223)],[6.84,(73,223)],[6.08,(73,223)],[4.016,(73,223)],[4.016,(73,223)],[8.674,(73,223)],[8.674,(73,223)]]
W_5_45_500;[[1.591,(36,148)],[1.945,(36,148)],[1.591,(36,148)],[1.945,(36,148)],[1.6,(36,36)],[1.8,(36,36)],[1.6,(36,36)],[1.221,(36,36)],[1.221,(36,36)],[2.657,(36,36)],[2.657,(36,36)]]
W_7_45_500;[[2.227,(61,198)],[2.722,(61,198)],[2.227,(61,198)],[2.722,(61,198)],[2.24,(36,148)],[2.52,(36,148)],[2.24,(36,148)],[1.71,(36,148)],[1.71,(36,148)],[3.72,(36,148)],[3.72,(36,148)]]
W_9_45_500;[[2.864,(73,223)],[3.5,(73,223)],[2.864,(73,223)],[3.5,(73,223)],[2.88,(36,148)],[3.24,(36,148)],[2.88,(36,148)],[2.198,(48,148)],[2.198,(48,148)],[4.783,(48,148)],[4.783,(48,148)]]
W_11_45_500;[[3.5,(73,223)],[4.278,(73,223)],[3.5,(73,223)],[4.278,(73,223)],[3.52,(36,148)],[3.96,(36,148)],[3.52,(36,148)],[2.687,(61,198)],[2.687,(61,198)],[5.846,(61,198)],[5.846,(61,198)]]
W_13_45_500;[[4.137,(73,223)],[5.056,(73,223)],[4.137,(73,223)],[5.056,(73,223)],[4.16,(48,198)],[4.68,(48,198)],[4.16,(48,198)],[3.175,(73,198)],[3.175,(73,198)],[6.908,(73,198)],[6.908,(73,198)]]
W_15_45_500;[[4.773,(73,223)],[5.834,(73,223)],[4.773,(73,223)],[5.834,(73,223)],[4.8,(73,223)],[5.4,(73,223)],[4.8,(73,223)],[3.664,(73,223)],[3.664,(73,223)],[7.971,(73,223)],[7.971,(73,223)]]
W_17_45_500;[[5.409,(73,223)],[6.611,(73,223)],[5.409,(73,223)],[6.611,(73,223)],[5.44,(73,223)],[6.12,(73,223)],[5.44,(73,223)],[4.152,(73,223)],[4.152,(73,223)],[9.034,(73,223)],[9.034,(73,223)]]
W_19_45_500;[[6.046,(73,223)],[7.389,(73,223)],[6.046,(73,223)],[7.389,(73,223)],[6.08,(73,223)],[6.84,(73,223)],[6.08,(73,223)],[4.64,(73,223)],[4.64,(73,223)],[10.097,(73,223)],[10.097,(73,223)]]
WW_5_15_300;[[3.416,(73,223)],[2.278,(73,223)],[3.416,(73,223)],[2.278,(73,223)],[2.2,(48,198)],[2.2,(48,198)],[2.2,(48,198)],[2.2,(48,198)],[2.2,(48,198)],[1.139,(36,148)],[1.411,(36,148)],[1.411,(36,148)],[1.839,(36,148)],[1.139,(36,148)],[1.411,(36,148)],[1.411,(36,148)],[1.839,(36,148)]]
WW_7_15_300;[[4.038,(73,223)],[2.692,(73,223)],[4.038,(73,223)],[2.692,(73,223)],[2.6,(73,198)],[2.6,(73,198)],[2.6,(73,198)],[2.6,(73,198)],[2.6,(73,198)],[1.346,(48,148)],[1.668,(48,148)],[1.668,(48,148)],[2.173,(48,148)],[1.346,(48,148)],[1.668,(48,148)],[1.668,(48,148)],[2.173,(48,148)]]
WW_9_15_300;[[4.659,(73,223)],[3.106,(73,223)],[4.659,(73,223)],[3.106,(73,223)],[3,(73,223)],[3,(73,223)],[3,(73,223)],[3,(73,223)],[3,(73,223)],[1.553,(61,198)],[1.925,(61,198)],[1.925,(61,198)],[2.508,(61,198)],[1.553,(61,198)],[1.925,(61,198)],[1.925,(61,198)],[2.508,(61,198)]]
WW_11_15_300;[[5.28,(73,223)],[3.52,(73,223)],[5.28,(73,223)],[3.52,(73,223)],[3.4,(73,223)],[3.4,(73,223)],[3.4,(73,223)],[3.4,(73,223)],[3.4,(73,223)],[1.76,(61,198)],[2.181,(61,198)],[2.181,(61,198)],[2.842,(61,198)],[1.76,(61,198)],[2.181,(61,198)],[2.181,(61,198)],[2.842,(61,198)]]
WW_13_15_300;[[5.901,(73,223)],[3.934,(73,223)],[5.901,(73,223)],[3.934,(73,223)],[3.8,(73,223)],[3.8,(73,223)],[3.8,(73,223)],[3.8,(73,223)],[3.8,(73,223)],[1.967,(73,198)],[2.438,(73,198)],[2.438,(73,198)],[3.176,(73,198)],[1.967,(73,198)],[2.438,(73,198)],[2.438,(73,198)],[3.176,(73,198)]]
WW_15_15_300;[[1.596,(36,148)],[1.064,(36,148)],[1.596,(36,148)],[1.064,(36,148)],[1,(36,36)],[1,(36,36)],[1,(36,36)],[1,(36,36)],[1,(36,36)],[0.532,(36,36)],[0.74,(36,36)],[0.74,(36,36)],[1.038,(36,36)],[0.532,(36,36)],[0.74,(36,36)],[0.74,(36,36)],[1.038,(36,36)]]
WW_17_15_300;[[2.235,(61,198)],[1.49,(61,198)],[2.235,(61,198)],[1.49,(61,198)],[1.4,(36,48)],[1.4,(36,48)],[1.4,(36,48)],[1.4,(36,48)],[1.4,(36,48)],[0.745,(36,36)],[1.036,(36,36)],[1.036,(36,36)],[1.454,(36,36)],[0.745,(36,36)],[1.036,(36,36)],[1.036,(36,36)],[1.454,(36,36)]]
WW_19_15_300;[[2.873,(73,223)],[1.916,(73,223)],[2.873,(73,223)],[1.916,(73,223)],[1.8,(36,148)],[1.8,(36,148)],[1.8,(36,148)],[1.8,(36,148)],[1.8,(36,148)],[0.958,(36,148)],[1.333,(36,148)],[1.333,(36,148)],[1.869,(36,148)],[0.958,(36,148)],[1.333,(36,148)],[1.333,(36,148)],[1.869,(36,148)]]
WW_5_20_300;[[3.512,(73,223)],[2.341,(73,223)],[3.512,(73,223)],[2.341,(73,223)],[2.2,(48,148)],[2.2,(48,148)],[2.2,(48,148)],[2.2,(48,148)],[2.2,(48,148)],[1.171,(48,148)],[1.629,(48,148)],[1.629,(48,148)],[2.284,(48,148)],[1.171,(48,148)],[1.629,(48,148)],[1.629,(48,148)],[2.284,(48,148)]]
WW_7_20_300;[[4.15,(73,223)],[2.767,(73,223)],[4.15,(73,223)],[2.767,(73,223)],[2.6,(61,198)],[2.6,(61,198)],[2.6,(61,198)],[2.6,(61,198)],[2.6,(61,198)],[1.383,(48,198)],[1.925,(48,198)],[1.925,(48,198)],[2.699,(48,198)],[1.383,(48,198)],[1.925,(48,198)],[1.925,(48,198)],[2.699,(48,198)]]
WW_9_20_300;[[4.789,(73,223)],[3.193,(73,223)],[4.789,(73,223)],[3.193,(73,223)],[3,(73,223)],[3,(73,223)],[3,(73,223)],[3,(73,223)],[3,(73,223)],[1.596,(61,198)],[2.221,(61,198)],[2.221,(61,198)],[3.115,(61,198)],[1.596,(61,198)],[2.221,(61,198)],[2.221,(61,198)],[3.115,(61,198)]]
WW_11_20_300;[[5.427,(73,223)],[3.618,(73,223)],[5.427,(73,223)],[3.618,(73,223)],[3.4,(73,223)],[3.4,(73,223)],[3.4,(73,223)],[3.4,(73,223)],[3.4,(73,223)],[1.809,(73,198)],[2.517,(73,198)],[2.517,(73,198)],[3.53,(73,198)],[1.809,(73,198)],[2.517,(73,198)],[2.517,(73,198)],[3.53,(73,198)]]
WW_13_20_300;[[6.066,(73,223)],[4.044,(73,223)],[6.066,(73,223)],[4.044,(73,223)],[3.8,(73,223)],[3.8,(73,223)],[3.8,(73,223)],[3.8,(73,223)],[3.8,(73,223)],[2.022,(73,223)],[2.813,(73,223)],[2.813,(73,223)],[3.945,(73,223)],[2.022,(73,223)],[2.813,(73,223)],[2.813,(73,223)],[3.945,(73,223)]]
WW_15_20_300;[[1.655,(36,148)],[1.103,(36,148)],[1.655,(36,148)],[1.103,(36,148)],[1,(36,36)],[1,(36,36)],[1,(36,36)],[1,(36,36)],[1,(36,36)],[0.552,(36,36)],[0.86,(36,36)],[0.86,(36,36)],[1.268,(36,36)],[0.552,(36,36)],[0.86,(36,36)],[0.86,(36,36)],[1.268,(36,36)]]
WW_17_20_300;[[2.317,(61,198)],[1.545,(61,198)],[2.317,(61,198)],[1.545,(61,198)],[1.4,(36,48)],[1.4,(36,48)],[1.4,(36,48)],[1.4,(36,48)],[1.4,(36,48)],[0.772,(36,48)],[1.204,(36,48)],[1.204,(36,48)],[1.776,(36,48)],[0.772,(36,48)],[1.204,(36,48)],[1.204,(36,48)],[1.776,(36,48)]]
WW_19_20_300;[[2.979,(73,223)],[1.986,(73,223)],[2.979,(73,223)],[1.986,(73,223)],[1.8,(36,148)],[1.8,(36,148)],[1.8,(36,148)],[1.8,(36,148)],[1.8,(36,148)],[0.993,(36,148)],[1.548,(36,148)],[1.548,(36,148)],[2.283,(36,148)],[0.993,(36,148)],[1.548,(36,148)],[1.548,(36,148)],[2.283,(36,148)]]
WW_5_25_300;[[3.641,(73,223)],[2.427,(73,223)],[3.641,(73,223)],[2.427,(73,223)],[2.2,(36,148)],[2.2,(36,148)],[2.2,(36,148)],[2.2,(36,148)],[2.2,(36,148)],[1.214,(48,148)],[1.892,(48,148)],[1.892,(48,148)],[2.791,(48,148)],[1.214,(48,148)],[1.892,(48,148)],[1.892,(48,148)],[2.791,(48,148)]]
WW_7_25_300;[[4.303,(73,223)],[2.869,(73,223)],[4.303,(73,223)],[2.869,(73,223)],[2.6,(48,198)],[2.6,(48,198)],[2.6,(48,198)],[2.6,(48,198)],[2.6,(48,198)],[1.434,(61,198)],[2.235,(61,198)],[2.235,(61,198)],[3.298,(61,198)],[1.434,(61,198)],[2.235,(61,198)],[2.235,(61,198)],[3.298,(61,198)]]
WW_9_25_300;[[4.965,(73,223)],[3.31,(73,223)],[4.965,(73,223)],[3.31,(73,223)],[3,(73,198)],[3,(73,198)],[3,(73,198)],[3,(73,198)],[3,(73,198)],[1.655,(61,198)],[2.579,(61,198)],[2.579,(61,198)],[3.805,(61,198)],[1.655,(61,198)],[2.579,(61,198)],[2.579,(61,198)],[3.805,(61,198)]]
WW_11_25_300;[[5.627,(73,223)],[3.751,(73,223)],[5.627,(73,223)],[3.751,(73,223)],[3.4,(73,223)],[3.4,(73,223)],[3.4,(73,223)],[3.4,(73,223)],[3.4,(73,223)],[1.876,(73,198)],[2.923,(73,198)],[2.923,(73,198)],[4.313,(73,198)],[1.876,(73,198)],[2.923,(73,198)],[2.923,(73,198)],[4.313,(73,198)]]
WW_13_25_300;[[6.289,(73,223)],[4.193,(73,223)],[6.289,(73,223)],[4.193,(73,223)],[3.8,(73,223)],[3.8,(73,223)],[3.8,(73,223)],[3.8,(73,223)],[3.8,(73,223)],[2.096,(73,223)],[3.267,(73,223)],[3.267,(73,223)],[4.82,(73,223)],[2.096,(73,223)],[3.267,(73,223)],[3.267,(73,223)],[4.82,(73,223)]]
WW_15_25_300;[[1.732,(36,148)],[1.155,(36,148)],[1.732,(36,148)],[1.155,(36,148)],[1,(36,36)],[1,(36,36)],[1,(36,36)],[1,(36,36)],[1,(36,36)],[0.577,(36,36)],[1,(36,36)],[1,(36,36)],[1.528,(36,36)],[0.577,(36,36)],[1,(36,36)],[1,(36,36)],[1.528,(36,36)]]
WW_17_25_300;[[2.425,(61,198)],[1.617,(61,198)],[2.425,(61,198)],[1.617,(61,198)],[1.4,(36,48)],[1.4,(36,48)],[1.4,(36,48)],[1.4,(36,48)],[1.4,(36,48)],[0.808,(36,148)],[1.4,(36,148)],[1.4,(36,148)],[2.139,(36,148)],[0.808,(36,148)],[1.4,(36,148)],[1.4,(36,148)],[2.139,(36,148)]]
WW_19_25_300;[[3.118,(73,223)],[2.078,(73,223)],[3.118,(73,223)],[2.078,(73,223)],[1.8,(36,148)],[1.8,(36,148)],[1.8,(36,148)],[1.8,(36,148)],[1.8,(36,148)],[1.039,(48,148)],[1.8,(48,148)],[1.8,(48,148)],[2.75,(48,148)],[1.039,(48,148)],[1.8,(48,148)],[1.8,(48,148)],[2.75,(48,148)]]
WW_5_30_300;[[3.811,(73,223)],[2.54,(73,223)],[3.811,(73,223)],[2.54,(73,223)],[2.2,(36,148)],[2.2,(36,148)],[2.2,(36,148)],[2.2,(36,148)],[2.2,(36,148)],[1.27,(48,148)],[2.2,(48,148)],[2.2,(48,148)],[3.361,(48,148)],[1.27,(48,148)],[2.2,(48,148)],[2.2,(48,148)],[3.361,(48,148)]]
WW_7_30_300;[[4.503,(73,223)],[3.002,(73,223)],[4.503,(73,223)],[3.002,(73,223)],[2.6,(48,198)],[2.6,(48,198)],[2.6,(48,198)],[2.6,(48,198)],[2.6,(48,198)],[1.501,(61,198)],[2.6,(61,198)],[2.6,(61,198)],[3.972,(61,198)],[1.501,(61,198)],[2.6,(61,198)],[2.6,(61,198)],[3.972,(61,198)]]
WW_9_30_300;[[5.196,(73,223)],[3.464,(73,223)],[5.196,(73,223)],[3.464,(73,223)],[3,(73,198)],[3,(73,198)],[3,(73,198)],[3,(73,198)],[3,(73,198)],[1.732,(73,198)],[3,(73,198)],[3,(73,198)],[4.583,(73,198)],[1.732,(73,198)],[3,(73,198)],[3,(73,198)],[4.583,(73,198)]]
WW_11_30_300;[[5.889,(73,223)],[3.926,(73,223)],[5.889,(73,223)],[3.926,(73,223)],[3.4,(73,223)],[3.4,(73,223)],[3.4,(73,223)],[3.4,(73,223)],[3.4,(73,223)],[1.963,(73,223)],[3.4,(73,223)],[3.4,(73,223)],[5.194,(73,223)],[1.963,(73,223)],[3.4,(73,223)],[3.4,(73,223)],[5.194,(73,223)]]
WW_13_30_300;[[6.582,(73,223)],[4.388,(73,223)],[6.582,(73,223)],[4.388,(73,223)],[3.8,(73,223)],[3.8,(73,223)],[3.8,(73,223)],[3.8,(73,223)],[3.8,(73,223)],[2.194,(73,223)],[3.8,(73,223)],[3.8,(73,223)],[5.805,(73,223)],[2.194,(73,223)],[3.8,(73,223)],[3.8,(73,223)],[5.805,(73,223)]]
WW_15_30_300;[[1.831,(36,148)],[1.221,(36,148)],[1.831,(36,148)],[1.221,(36,148)],[1,(36,36)],[1,(36,36)],[1,(36,36)],[1,(36,36)],[1,(36,36)],[0.61,(36,36)],[1.163,(36,36)],[1.163,(36,36)],[1.821,(36,36)],[0.61,(36,36)],[1.163,(36,36)],[1.163,(36,36)],[1.821,(36,36)]]
WW_17_30_300;[[2.564,(61,198)],[1.709,(61,198)],[2.564,(61,198)],[1.709,(61,198)],[1.4,(36,48)],[1.4,(36,48)],[1.4,(36,48)],[1.4,(36,48)],[1.4,(36,48)],[0.855,(36,148)],[1.629,(36,148)],[1.629,(36,148)],[2.549,(36,148)],[0.855,(36,148)],[1.629,(36,148)],[1.629,(36,148)],[2.549,(36,148)]]
WW_19_30_300;[[3.296,(73,223)],[2.197,(73,223)],[3.296,(73,223)],[2.197,(73,223)],[1.8,(36,148)],[1.8,(36,148)],[1.8,(36,148)],[1.8,(36,148)],[1.8,(36,148)],[1.099,(48,148)],[2.094,(48,148)],[2.094,(48,148)],[3.277,(48,148)],[1.099,(48,148)],[2.094,(48,148)],[2.094,(48,148)],[3.277,(48,148)]]
WW_5_35_300;[[4.029,(73,223)],[2.686,(73,223)],[4.029,(73,223)],[2.686,(73,223)],[2.2,(36,148)],[2.2,(36,148)],[2.2,(36,148)],[2.2,(36,148)],[2.2,(36,148)],[1.343,(61,198)],[2.559,(61,198)],[2.559,(61,198)],[4.005,(61,198)],[1.343,(61,198)],[2.559,(61,198)],[2.559,(61,198)],[4.005,(61,198)]]
WW_7_35_300;[[4.761,(73,223)],[3.174,(73,223)],[4.761,(73,223)],[3.174,(73,223)],[2.6,(48,198)],[2.6,(48,198)],[2.6,(48,198)],[2.6,(48,198)],[2.6,(48,198)],[1.587,(73,198)],[3.024,(73,198)],[3.024,(73,198)],[4.733,(73,198)],[1.587,(73,198)],[3.024,(73,198)],[3.024,(73,198)],[4.733,(73,198)]]
WW_9_35_300;[[5.493,(73,223)],[3.662,(73,223)],[5.493,(73,223)],[3.662,(73,223)],[3,(61,198)],[3,(61,198)],[3,(61,198)],[3,(61,198)],[3,(61,198)],[1.831,(73,223)],[3.49,(73,223)],[3.49,(73,223)],[5.462,(73,223)],[1.831,(73,223)],[3.49,(73,223)],[3.49,(73,223)],[5.462,(73,223)]]
WW_11_35_300;[[6.226,(73,223)],[4.151,(73,223)],[6.226,(73,223)],[4.151,(73,223)],[3.4,(73,223)],[3.4,(73,223)],[3.4,(73,223)],[3.4,(73,223)],[3.4,(73,223)],[2.075,(73,223)],[3.955,(73,223)],[3.955,(73,223)],[6.19,(73,223)],[2.075,(73,223)],[3.955,(73,223)],[3.955,(73,223)],[6.19,(73,223)]]
WW_13_35_300;[[6.958,(73,223)],[4.639,(73,223)],[6.958,(73,223)],[4.639,(73,223)],[3.8,(73,223)],[3.8,(73,223)],[3.8,(73,223)],[3.8,(73,223)],[3.8,(73,223)],[2.319,(73,223)],[4.42,(73,223)],[4.42,(73,223)],[6.918,(73,223)],[2.319,(73,223)],[4.42,(73,223)],[4.42,(73,223)],[6.918,(73,223)]]
WW_15_35_300;[[1.958,(36,148)],[1.305,(36,148)],[1.958,(36,148)],[1.305,(36,148)],[1,(36,36)],[1,(36,36)],[1,(36,36)],[1,(36,36)],[1,(36,36)],[0.653,(36,36)],[1.354,(36,36)],[1.354,(36,36)],[2.157,(36,36)],[0.653,(36,36)],[1.354,(36,36)],[1.354,(36,36)],[2.157,(36,36)]]
WW_17_35_300;[[2.741,(73,198)],[1.828,(73,198)],[2.741,(73,198)],[1.828,(73,198)],[1.4,(36,48)],[1.4,(36,48)],[1.4,(36,48)],[1.4,(36,48)],[1.4,(36,48)],[0.914,(36,148)],[1.896,(36,148)],[1.896,(36,148)],[3.019,(36,148)],[0.914,(36,148)],[1.896,(36,148)],[1.896,(36,148)],[3.019,(36,148)]]
WW_19_35_300;[[3.525,(73,223)],[2.35,(73,223)],[3.525,(73,223)],[2.35,(73,223)],[1.8,(36,148)],[1.8,(36,148)],[1.8,(36,148)],[1.8,(36,148)],[1.8,(36,148)],[1.175,(48,198)],[2.438,(48,198)],[2.438,(48,198)],[3.882,(48,198)],[1.175,(48,198)],[2.438,(48,198)],[2.438,(48,198)],[3.882,(48,198)]]
WW_5_40_300;[[4.308,(73,223)],[2.872,(73,223)],[4.308,(73,223)],[2.872,(73,223)],[2.2,(36,148)],[2.2,(36,148)],[2.2,(36,148)],[2.2,(36,148)],[2.2,(36,148)],[1.436,(61,198)],[2.98,(61,198)],[2.98,(61,198)],[4.744,(61,198)],[1.436,(61,198)],[2.98,(61,198)],[2.98,(61,198)],[4.744,(61,198)]]
WW_7_40_300;[[5.091,(73,223)],[3.394,(73,223)],[5.091,(73,223)],[3.394,(73,223)],[2.6,(48,198)],[2.6,(48,198)],[2.6,(48,198)],[2.6,(48,198)],[2.6,(48,198)],[1.697,(73,223)],[3.521,(73,223)],[3.521,(73,223)],[5.607,(73,223)],[1.697,(73,223)],[3.521,(73,223)],[3.521,(73,223)],[5.607,(73,223)]]
WW_9_40_300;[[5.874,(73,223)],[3.916,(73,223)],[5.874,(73,223)],[3.916,(73,223)],[3,(61,198)],[3,(61,198)],[3,(61,198)],[3,(61,198)],[3,(61,198)],[1.958,(73,223)],[4.063,(73,223)],[4.063,(73,223)],[6.47,(73,223)],[1.958,(73,223)],[4.063,(73,223)],[4.063,(73,223)],[6.47,(73,223)]]
WW_11_40_300;[[6.658,(73,223)],[4.438,(73,223)],[6.658,(73,223)],[4.438,(73,223)],[3.4,(73,223)],[3.4,(73,223)],[3.4,(73,223)],[3.4,(73,223)],[3.4,(73,223)],[2.219,(73,223)],[4.605,(73,223)],[4.605,(73,223)],[7.332,(73,223)],[2.219,(73,223)],[4.605,(73,223)],[4.605,(73,223)],[7.332,(73,223)]]
WW_13_40_300;[[7.441,(73,223)],[4.961,(73,223)],[7.441,(73,223)],[4.961,(73,223)],[3.8,(73,223)],[3.8,(73,223)],[3.8,(73,223)],[3.8,(73,223)],[3.8,(73,223)],[2.48,(73,223)],[5.146,(73,223)],[5.146,(73,223)],[8.195,(73,223)],[2.48,(73,223)],[5.146,(73,223)],[5.146,(73,223)],[8.195,(73,223)]]
WW_15_40_300;[[2.121,(48,148)],[1.414,(48,148)],[2.121,(48,148)],[1.414,(48,148)],[1,(36,36)],[1,(36,36)],[1,(36,36)],[1,(36,36)],[1,(36,36)],[0.707,(36,48)],[1.581,(36,48)],[1.581,(36,48)],[2.55,(36,48)],[0.707,(36,48)],[1.581,(36,48)],[1.581,(36,48)],[2.55,(36,48)]]
WW_17_40_300;[[2.97,(73,198)],[1.98,(73,198)],[2.97,(73,198)],[1.98,(73,198)],[1.4,(36,48)],[1.4,(36,48)],[1.4,(36,48)],[1.4,(36,48)],[1.4,(36,48)],[0.99,(48,148)],[2.214,(48,148)],[2.214,(48,148)],[3.569,(48,148)],[0.99,(48,148)],[2.214,(48,148)],[2.214,(48,148)],[3.569,(48,148)]]
WW_19_40_300;[[3.818,(73,223)],[2.546,(73,223)],[3.818,(73,223)],[2.546,(73,223)],[1.8,(36,148)],[1.8,(36,148)],[1.8,(36,148)],[1.8,(36,148)],[1.8,(36,148)],[1.273,(61,198)],[2.846,(61,198)],[2.846,(61,198)],[4.589,(61,198)],[1.273,(61,198)],[2.846,(61,198)],[2.846,(61,198)],[4.589,(61,198)]]
WW_5_45_300;[[4.667,(73,223)],[3.111,(73,223)],[4.667,(73,223)],[3.111,(73,223)],[2.2,(36,148)],[2.2,(36,148)],[2.2,(36,148)],[2.2,(36,148)],[2.2,(36,148)],[1.556,(73,198)],[3.479,(73,198)],[3.479,(73,198)],[5.609,(73,198)],[1.556,(73,198)],[3.479,(73,198)],[3.479,(73,198)],[5.609,(73,198)]]
WW_7_45_300;[[5.515,(73,223)],[3.677,(73,223)],[5.515,(73,223)],[3.677,(73,223)],[2.6,(48,198)],[2.6,(48,198)],[2.6,(48,198)],[2.6,(48,198)],[2.6,(48,198)],[1.838,(73,223)],[4.111,(73,223)],[4.111,(73,223)],[6.629,(73,223)],[1.838,(73,223)],[4.111,(73,223)],[4.111,(73,223)],[6.629,(73,223)]]
WW_9_45_300;[[6.364,(73,223)],[4.243,(73,223)],[6.364,(73,223)],[4.243,(73,223)],[3,(61,198)],[3,(61,198)],[3,(61,198)],[3,(61,198)],[3,(61,198)],[2.121,(73,223)],[4.743,(73,223)],[4.743,(73,223)],[7.649,(73,223)],[2.121,(73,223)],[4.743,(73,223)],[4.743,(73,223)],[7.649,(73,223)]]
WW_11_45_300;[[7.212,(73,223)],[4.808,(73,223)],[7.212,(73,223)],[4.808,(73,223)],[3.4,(73,223)],[3.4,(73,223)],[3.4,(73,223)],[3.4,(73,223)],[3.4,(73,223)],[2.404,(73,223)],[5.376,(73,223)],[5.376,(73,223)],[8.668,(73,223)],[2.404,(73,223)],[5.376,(73,223)],[5.376,(73,223)],[8.668,(73,223)]]
WW_13_45_300;[[8.061,(73,223)],[5.374,(73,223)],[8.061,(73,223)],[5.374,(73,223)],[3.8,(73,223)],[3.8,(73,223)],[3.8,(73,223)],[3.8,(73,223)],[3.8,(73,223)],[2.687,(73,223)],[6.008,(73,223)],[6.008,(73,223)],[9.688,(73,223)],[2.687,(73,223)],[6.008,(73,223)],[6.008,(73,223)],[9.688,(73,223)]]
WW_15_45_300;[[1.553,(48,148)],[1.035,(48,148)],[1.553,(48,148)],[1.035,(48,148)],[1,(36,36)],[1,(36,36)],[1,(36,36)],[1,(36,36)],[1,(36,36)],[0.518,(36,36)],[0.642,(36,36)],[0.642,(36,36)],[0.836,(36,36)],[0.518,(36,36)],[0.642,(36,36)],[0.642,(36,36)],[0.836,(36,36)]]
WW_17_45_300;[[2.174,(73,198)],[1.449,(73,198)],[2.174,(73,198)],[1.449,(73,198)],[1.4,(36,148)],[1.4,(36,148)],[1.4,(36,148)],[1.4,(36,148)],[1.4,(36,148)],[0.725,(36,36)],[0.898,(36,36)],[0.898,(36,36)],[1.17,(36,36)],[0.725,(36,36)],[0.898,(36,36)],[0.898,(36,36)],[1.17,(36,36)]]
WW_19_45_300;[[2.795,(73,223)],[1.863,(73,223)],[2.795,(73,223)],[1.863,(73,223)],[1.8,(48,148)],[1.8,(48,148)],[1.8,(48,148)],[1.8,(48,148)],[1.8,(48,148)],[0.932,(36,148)],[1.155,(36,148)],[1.155,(36,148)],[1.505,(36,148)],[0.932,(36,148)],[1.155,(36,148)],[1.155,(36,148)],[1.505,(36,148)]]
WW_5_15_500;[[3.416,(73,223)],[2.278,(73,223)],[3.416,(73,223)],[2.278,(73,223)],[2.2,(61,198)],[2.2,(61,198)],[2.2,(61,198)],[2.2,(61,198)],[2.2,(61,198)],[1.139,(48,148)],[1.411,(48,148)],[1.411,(48,148)],[1.839,(48,148)],[1.139,(48,148)],[1.411,(48,148)],[1.411,(48,148)],[1.839,(48,148)]]
WW_7_15_500;[[4.038,(73,223)],[2.692,(73,223)],[4.038,(73,223)],[2.692,(73,223)],[2.6,(73,198)],[2.6,(73,198)],[2.6,(73,198)],[2.6,(73,198)],[2.6,(73,198)],[1.346,(48,148)],[1.668,(48,148)],[1.668,(48,148)],[2.173,(48,148)],[1.346,(48,148)],[1.668,(48,148)],[1.668,(48,148)],[2.173,(48,148)]]
WW_9_15_500;[[4.659,(73,223)],[3.106,(73,223)],[4.659,(73,223)],[3.106,(73,223)],[3,(73,223)],[3,(73,223)],[3,(73,223)],[3,(73,223)],[3,(73,223)],[1.553,(61,198)],[1.925,(61,198)],[1.925,(61,198)],[2.508,(61,198)],[1.553,(61,198)],[1.925,(61,198)],[1.925,(61,198)],[2.508,(61,198)]]
WW_11_15_500;[[5.28,(73,223)],[3.52,(73,223)],[5.28,(73,223)],[3.52,(73,223)],[3.4,(73,223)],[3.4,(73,223)],[3.4,(73,223)],[3.4,(73,223)],[3.4,(73,223)],[1.76,(61,198)],[2.181,(61,198)],[2.181,(61,198)],[2.842,(61,198)],[1.76,(61,198)],[2.181,(61,198)],[2.181,(61,198)],[2.842,(61,198)]]
WW_13_15_500;[[5.901,(73,223)],[3.934,(73,223)],[5.901,(73,223)],[3.934,(73,223)],[3.8,(73,223)],[3.8,(73,223)],[3.8,(73,223)],[3.8,(73,223)],[3.8,(73,223)],[1.967,(73,198)],[2.438,(73,198)],[2.438,(73,198)],[3.176,(73,198)],[1.967,(73,198)],[2.438,(73,198)],[2.438,(73,198)],[3.176,(73,198)]]
WW_15_15_500;[[1.596,(48,148)],[1.064,(48,148)],[1.596,(48,148)],[1.064,(48,148)],[1,(36,36)],[1,(36,36)],[1,(36,36)],[1,(36,36)],[1,(36,36)],[0.532,(36,36)],[0.74,(36,36)],[0.74,(36,36)],[1.038,(36,36)],[0.532,(36,36)],[0.74,(36,36)],[0.74,(36,36)],[1.038,(36,36)]]
WW_17_15_500;[[2.235,(61,198)],[1.49,(61,198)],[2.235,(61,198)],[1.49,(61,198)],[1.4,(36,148)],[1.4,(36,148)],[1.4,(36,148)],[1.4,(36,148)],[1.4,(36,148)],[0.745,(36,48)],[1.036,(36,48)],[1.036,(36,48)],[1.454,(36,48)],[0.745,(36,48)],[1.036,(36,48)],[1.036,(36,48)],[1.454,(36,48)]]
WW_19_15_500;[[2.873,(73,223)],[1.916,(73,223)],[2.873,(73,223)],[1.916,(73,223)],[1.8,(36,148)],[1.8,(36,148)],[1.8,(36,148)],[1.8,(36,148)],[1.8,(36,148)],[0.958,(36,148)],[1.333,(36,148)],[1.333,(36,148)],[1.869,(36,148)],[0.958,(36,148)],[1.333,(36,148)],[1.333,(36,148)],[1.869,(36,148)]]
WW_5_20_500;[[3.512,(73,223)],[2.341,(73,223)],[3.512,(73,223)],[2.341,(73,223)],[2.2,(48,148)],[2.2,(48,148)],[2.2,(48,148)],[2.2,(48,148)],[2.2,(48,148)],[1.171,(48,148)],[1.629,(48,148)],[1.629,(48,148)],[2.284,(48,148)],[1.171,(48,148)],[1.629,(48,148)],[1.629,(48,148)],[2.284,(48,148)]]
WW_7_20_500;[[4.15,(73,223)],[2.767,(73,223)],[4.15,(73,223)],[2.767,(73,223)],[2.6,(61,198)],[2.6,(61,198)],[2.6,(61,198)],[2.6,(61,198)],[2.6,(61,198)],[1.383,(48,198)],[1.925,(48,198)],[1.925,(48,198)],[2.699,(48,198)],[1.383,(48,198)],[1.925,(48,198)],[1.925,(48,198)],[2.699,(48,198)]]
WW_9_20_500;[[4.789,(73,223)],[3.193,(73,223)],[4.789,(73,223)],[3.193,(73,223)],[3,(73,223)],[3,(73,223)],[3,(73,223)],[3,(73,223)],[3,(73,223)],[1.596,(61,198)],[2.221,(61,198)],[2.221,(61,198)],[3.115,(61,198)],[1.596,(61,198)],[2.221,(61,198)],[2.221,(61,198)],[3.115,(61,198)]]
WW_11_20_500;[[5.427,(73,223)],[3.618,(73,223)],[5.427,(73,223)],[3.618,(73,223)],[3.4,(73,223)],[3.4,(73,223)],[3.4,(73,223)],[3.4,(73,223)],[3.4,(73,223)],[1.809,(73,198)],[2.517,(73,198)],[2.517,(73,198)],[3.53,(73,198)],[1.809,(73,198)],[2.517,(73,198)],[2.517,(73,198)],[3.53,(73,198)]]
WW_13_20_500;[[6.066,(73,223)],[4.044,(73,223)],[6.066,(73,223)],[4.044,(73,223)],[3.8,(73,223)],[3.8,(73,223)],[3.8,(73,223)],[3.8,(73,223)],[3.8,(73,223)],[2.022,(73,223)],[2.813,(73,223)],[2.813,(73,223)],[3.945,(73,223)],[2.022,(73,223)],[2.813,(73,223)],[2.813,(73,223)],[3.945,(73,223)]]
WW_15_20_500;[[1.655,(48,148)],[1.103,(48,148)],[1.655,(48,148)],[1.103,(48,148)],[1,(36,36)],[1,(36,36)],[1,(36,36)],[1,(36,36)],[1,(36,36)],[0.552,(36,36)],[0.86,(36,36)],[0.86,(36,36)],[1.268,(36,36)],[0.552,(36,36)],[0.86,(36,36)],[0.86,(36,36)],[1.268,(36,36)]]
WW_17_20_500;[[2.317,(61,198)],[1.545,(61,198)],[2.317,(61,198)],[1.545,(61,198)],[1.4,(36,148)],[1.4,(36,148)],[1.4,(36,148)],[1.4,(36,148)],[1.4,(36,148)],[0.772,(36,48)],[1.204,(36,48)],[1.204,(36,48)],[1.776,(36,48)],[0.772,(36,48)],[1.204,(36,48)],[1.204,(36,48)],[1.776,(36,48)]]
WW_19_20_500;[[2.979,(73,223)],[1.986,(73,223)],[2.979,(73,223)],[1.986,(73,223)],[1.8,(36,148)],[1.8,(36,148)],[1.8,(36,148)],[1.8,(36,148)],[1.8,(36,148)],[0.993,(36,148)],[1.548,(36,148)],[1.548,(36,148)],[2.283,(36,148)],[0.993,(36,148)],[1.548,(36,148)],[1.548,(36,148)],[2.283,(36,148)]]
WW_5_25_500;[[3.641,(73,223)],[2.427,(73,223)],[3.641,(73,223)],[2.427,(73,223)],[2.2,(36,148)],[2.2,(36,148)],[2.2,(36,148)],[2.2,(36,148)],[2.2,(36,148)],[1.214,(48,148)],[1.892,(48,148)],[1.892,(48,148)],[2.791,(48,148)],[1.214,(48,148)],[1.892,(48,148)],[1.892,(48,148)],[2.791,(48,148)]]
WW_7_25_500;[[4.303,(73,223)],[2.869,(73,223)],[4.303,(73,223)],[2.869,(73,223)],[2.6,(61,198)],[2.6,(61,198)],[2.6,(61,198)],[2.6,(61,198)],[2.6,(61,198)],[1.434,(61,198)],[2.235,(61,198)],[2.235,(61,198)],[3.298,(61,198)],[1.434,(61,198)],[2.235,(61,198)],[2.235,(61,198)],[3.298,(61,198)]]
WW_9_25_500;[[4.965,(73,223)],[3.31,(73,223)],[4.965,(73,223)],[3.31,(73,223)],[3,(73,198)],[3,(73,198)],[3,(73,198)],[3,(73,198)],[3,(73,198)],[1.655,(73,198)],[2.579,(73,198)],[2.579,(73,198)],[3.805,(73,198)],[1.655,(73,198)],[2.579,(73,198)],[2.579,(73,198)],[3.805,(73,198)]]
WW_11_25_500;[[5.627,(73,223)],[3.751,(73,223)],[5.627,(73,223)],[3.751,(73,223)],[3.4,(73,223)],[3.4,(73,223)],[3.4,(73,223)],[3.4,(73,223)],[3.4,(73,223)],[1.876,(73,198)],[2.923,(73,198)],[2.923,(73,198)],[4.313,(73,198)],[1.876,(73,198)],[2.923,(73,198)],[2.923,(73,198)],[4.313,(73,198)]]
WW_13_25_500;[[6.289,(73,223)],[4.193,(73,223)],[6.289,(73,223)],[4.193,(73,223)],[3.8,(73,223)],[3.8,(73,223)],[3.8,(73,223)],[3.8,(73,223)],[3.8,(73,223)],[2.096,(73,223)],[3.267,(73,223)],[3.267,(73,223)],[4.82,(73,223)],[2.096,(73,223)],[3.267,(73,223)],[3.267,(73,223)],[4.82,(73,223)]]
WW_15_25_500;[[1.732,(36,148)],[1.155,(36,148)],[1.732,(36,148)],[1.155,(36,148)],[1,(36,36)],[1,(36,36)],[1,(36,36)],[1,(36,36)],[1,(36,36)],[0.577,(36,36)],[1,(36,36)],[1,(36,36)],[1.528,(36,36)],[0.577,(36,36)],[1,(36,36)],[1,(36,36)],[1.528,(36,36)]]
WW_17_25_500;[[2.425,(73,198)],[1.617,(73,198)],[2.425,(73,198)],[1.617,(73,198)],[1.4,(36,148)],[1.4,(36,148)],[1.4,(36,148)],[1.4,(36,148)],[1.4,(36,148)],[0.808,(36,148)],[1.4,(36,148)],[1.4,(36,148)],[2.139,(36,148)],[0.808,(36,148)],[1.4,(36,148)],[1.4,(36,148)],[2.139,(36,148)]]
WW_19_25_500;[[3.118,(73,223)],[2.078,(73,223)],[3.118,(73,223)],[2.078,(73,223)],[1.8,(36,148)],[1.8,(36,148)],[1.8,(36,148)],[1.8,(36,148)],[1.8,(36,148)],[1.039,(48,148)],[1.8,(48,148)],[1.8,(48,148)],[2.75,(48,148)],[1.039,(48,148)],[1.8,(48,148)],[1.8,(48,148)],[2.75,(48,148)]]
WW_5_30_500;[[3.811,(73,223)],[2.54,(73,223)],[3.811,(73,223)],[2.54,(73,223)],[2.2,(36,148)],[2.2,(36,148)],[2.2,(36,148)],[2.2,(36,148)],[2.2,(36,148)],[1.27,(48,198)],[2.2,(48,198)],[2.2,(48,198)],[3.361,(48,198)],[1.27,(48,198)],[2.2,(48,198)],[2.2,(48,198)],[3.361,(48,198)]]
WW_7_30_500;[[4.503,(73,223)],[3.002,(73,223)],[4.503,(73,223)],[3.002,(73,223)],[2.6,(48,198)],[2.6,(48,198)],[2.6,(48,198)],[2.6,(48,198)],[2.6,(48,198)],[1.501,(61,198)],[2.6,(61,198)],[2.6,(61,198)],[3.972,(61,198)],[1.501,(61,198)],[2.6,(61,198)],[2.6,(61,198)],[3.972,(61,198)]]
WW_9_30_500;[[5.196,(73,223)],[3.464,(73,223)],[5.196,(73,223)],[3.464,(73,223)],[3,(73,198)],[3,(73,198)],[3,(73,198)],[3,(73,198)],[3,(73,198)],[1.732,(73,198)],[3,(73,198)],[3,(73,198)],[4.583,(73,198)],[1.732,(73,198)],[3,(73,198)],[3,(73,198)],[4.583,(73,198)]]
WW_11_30_500;[[5.889,(73,223)],[3.926,(73,223)],[5.889,(73,223)],[3.926,(73,223)],[3.4,(73,223)],[3.4,(73,223)],[3.4,(73,223)],[3.4,(73,223)],[3.4,(73,223)],[1.963,(73,223)],[3.4,(73,223)],[3.4,(73,223)],[5.194,(73,223)],[1.963,(73,223)],[3.4,(73,223)],[3.4,(73,223)],[5.194,(73,223)]]
WW_13_30_500;[[6.582,(73,223)],[4.388,(73,223)],[6.582,(73,223)],[4.388,(73,223)],[3.8,(73,223)],[3.8,(73,223)],[3.8,(73,223)],[3.8,(73,223)],[3.8,(73,223)],[2.194,(73,223)],[3.8,(73,223)],[3.8,(73,223)],[5.805,(73,223)],[2.194,(73,223)],[3.8,(73,223)],[3.8,(73,223)],[5.805,(73,223)]]
WW_15_30_500;[[1.831,(48,148)],[1.221,(48,148)],[1.831,(48,148)],[1.221,(48,148)],[1,(36,36)],[1,(36,36)],[1,(36,36)],[1,(36,36)],[1,(36,36)],[0.61,(36,36)],[1.163,(36,36)],[1.163,(36,36)],[1.821,(36,36)],[0.61,(36,36)],[1.163,(36,36)],[1.163,(36,36)],[1.821,(36,36)]]
WW_17_30_500;[[2.564,(73,198)],[1.709,(73,198)],[2.564,(73,198)],[1.709,(73,198)],[1.4,(36,148)],[1.4,(36,148)],[1.4,(36,148)],[1.4,(36,148)],[1.4,(36,148)],[0.855,(36,148)],[1.629,(36,148)],[1.629,(36,148)],[2.549,(36,148)],[0.855,(36,148)],[1.629,(36,148)],[1.629,(36,148)],[2.549,(36,148)]]
WW_19_30_500;[[3.296,(73,223)],[2.197,(73,223)],[3.296,(73,223)],[2.197,(73,223)],[1.8,(36,148)],[1.8,(36,148)],[1.8,(36,148)],[1.8,(36,148)],[1.8,(36,148)],[1.099,(48,148)],[2.094,(48,148)],[2.094,(48,148)],[3.277,(48,148)],[1.099,(48,148)],[2.094,(48,148)],[2.094,(48,148)],[3.277,(48,148)]]
WW_5_35_500;[[4.029,(73,223)],[2.686,(73,223)],[4.029,(73,223)],[2.686,(73,223)],[2.2,(36,148)],[2.2,(36,148)],[2.2,(36,148)],[2.2,(36,148)],[2.2,(36,148)],[1.343,(61,198)],[2.559,(61,198)],[2.559,(61,198)],[4.005,(61,198)],[1.343,(61,198)],[2.559,(61,198)],[2.559,(61,198)],[4.005,(61,198)]]
WW_7_35_500;[[4.761,(73,223)],[3.174,(73,223)],[4.761,(73,223)],[3.174,(73,223)],[2.6,(48,198)],[2.6,(48,198)],[2.6,(48,198)],[2.6,(48,198)],[2.6,(48,198)],[1.587,(73,198)],[3.024,(73,198)],[3.024,(73,198)],[4.733,(73,198)],[1.587,(73,198)],[3.024,(73,198)],[3.024,(73,198)],[4.733,(73,198)]]
WW_9_35_500;[[5.493,(73,223)],[3.662,(73,223)],[5.493,(73,223)],[3.662,(73,223)],[3,(73,198)],[3,(73,198)],[3,(73,198)],[3,(73,198)],[3,(73,198)],[1.831,(73,223)],[3.49,(73,223)],[3.49,(73,223)],[5.462,(73,223)],[1.831,(73,223)],[3.49,(73,223)],[3.49,(73,223)],[5.462,(73,223)]]
WW_11_35_500;[[6.226,(73,223)],[4.151,(73,223)],[6.226,(73,223)],[4.151,(73,223)],[3.4,(73,223)],[3.4,(73,223)],[3.4,(73,223)],[3.4,(73,223)],[3.4,(73,223)],[2.075,(73,223)],[3.955,(73,223)],[3.955,(73,223)],[6.19,(73,223)],[2.075,(73,223)],[3.955,(73,223)],[3.955,(73,223)],[6.19,(73,223)]]
WW_13_35_500;[[6.958,(73,223)],[4.639,(73,223)],[6.958,(73,223)],[4.639,(73,223)],[3.8,(73,223)],[3.8,(73,223)],[3.8,(73,223)],[3.8,(73,223)],[3.8,(73,223)],[2.319,(73,223)],[4.42,(73,223)],[4.42,(73,223)],[6.918,(73,223)],[2.319,(73,223)],[4.42,(73,223)],[4.42,(73,223)],[6.918,(73,223)]]
WW_15_35_500;[[1.958,(48,148)],[1.305,(48,148)],[1.958,(48,148)],[1.305,(48,148)],[1,(36,36)],[1,(36,36)],[1,(36,36)],[1,(36,36)],[1,(36,36)],[0.653,(36,36)],[1.354,(36,36)],[1.354,(36,36)],[2.157,(36,36)],[0.653,(36,36)],[1.354,(36,36)],[1.354,(36,36)],[2.157,(36,36)]]
WW_17_35_500;[[2.741,(73,198)],[1.828,(73,198)],[2.741,(73,198)],[1.828,(73,198)],[1.4,(36,148)],[1.4,(36,148)],[1.4,(36,148)],[1.4,(36,148)],[1.4,(36,148)],[0.914,(36,148)],[1.896,(36,148)],[1.896,(36,148)],[3.019,(36,148)],[0.914,(36,148)],[1.896,(36,148)],[1.896,(36,148)],[3.019,(36,148)]]
WW_19_35_500;[[3.525,(73,223)],[2.35,(73,223)],[3.525,(73,223)],[2.35,(73,223)],[1.8,(36,148)],[1.8,(36,148)],[1.8,(36,148)],[1.8,(36,148)],[1.8,(36,148)],[1.175,(48,198)],[2.438,(48,198)],[2.438,(48,198)],[3.882,(48,198)],[1.175,(48,198)],[2.438,(48,198)],[2.438,(48,198)],[3.882,(48,198)]]
WW_5_40_500;[[4.308,(73,223)],[2.872,(73,223)],[4.308,(73,223)],[2.872,(73,223)],[2.2,(36,148)],[2.2,(36,148)],[2.2,(36,148)],[2.2,(36,148)],[2.2,(36,148)],[1.436,(61,198)],[2.98,(61,198)],[2.98,(61,198)],[4.744,(61,198)],[1.436,(61,198)],[2.98,(61,198)],[2.98,(61,198)],[4.744,(61,198)]]
WW_7_40_500;[[5.091,(73,223)],[3.394,(73,223)],[5.091,(73,223)],[3.394,(73,223)],[2.6,(48,198)],[2.6,(48,198)],[2.6,(48,198)],[2.6,(48,198)],[2.6,(48,198)],[1.697,(73,223)],[3.521,(73,223)],[3.521,(73,223)],[5.607,(73,223)],[1.697,(73,223)],[3.521,(73,223)],[3.521,(73,223)],[5.607,(73,223)]]
WW_9_40_500;[[5.874,(73,223)],[3.916,(73,223)],[5.874,(73,223)],[3.916,(73,223)],[3,(73,198)],[3,(73,198)],[3,(73,198)],[3,(73,198)],[3,(73,198)],[1.958,(73,223)],[4.063,(73,223)],[4.063,(73,223)],[6.47,(73,223)],[1.958,(73,223)],[4.063,(73,223)],[4.063,(73,223)],[6.47,(73,223)]]
WW_11_40_500;[[6.658,(73,223)],[4.438,(73,223)],[6.658,(73,223)],[4.438,(73,223)],[3.4,(73,223)],[3.4,(73,223)],[3.4,(73,223)],[3.4,(73,223)],[3.4,(73,223)],[2.219,(73,223)],[4.605,(73,223)],[4.605,(73,223)],[7.332,(73,223)],[2.219,(73,223)],[4.605,(73,223)],[4.605,(73,223)],[7.332,(73,223)]]
WW_13_40_500;[[7.441,(73,223)],[4.961,(73,223)],[7.441,(73,223)],[4.961,(73,223)],[3.8,(73,223)],[3.8,(73,223)],[3.8,(73,223)],[3.8,(73,223)],[3.8,(73,223)],[2.48,(73,223)],[5.146,(73,223)],[5.146,(73,223)],[8.195,(73,223)],[2.48,(73,223)],[5.146,(73,223)],[5.146,(73,223)],[8.195,(73,223)]]
WW_15_40_500;[[2.121,(48,148)],[1.414,(48,148)],[2.121,(48,148)],[1.414,(48,148)],[1,(36,36)],[1,(36,36)],[1,(36,36)],[1,(36,36)],[1,(36,36)],[0.707,(36,48)],[1.581,(36,48)],[1.581,(36,48)],[2.55,(36,48)],[0.707,(36,48)],[1.581,(36,48)],[1.581,(36,48)],[2.55,(36,48)]]
WW_17_40_500;[[2.97,(73,223)],[1.98,(73,223)],[2.97,(73,223)],[1.98,(73,223)],[1.4,(36,148)],[1.4,(36,148)],[1.4,(36,148)],[1.4,(36,148)],[1.4,(36,148)],[0.99,(48,148)],[2.214,(48,148)],[2.214,(48,148)],[3.569,(48,148)],[0.99,(48,148)],[2.214,(48,148)],[2.214,(48,148)],[3.569,(48,148)]]
WW_19_40_500;[[3.818,(73,223)],[2.546,(73,223)],[3.818,(73,223)],[2.546,(73,223)],[1.8,(36,148)],[1.8,(36,148)],[1.8,(36,148)],[1.8,(36,148)],[1.8,(36,148)],[1.273,(61,198)],[2.846,(61,198)],[2.846,(61,198)],[4.589,(61,198)],[1.273,(61,198)],[2.846,(61,198)],[2.846,(61,198)],[4.589,(61,198)]]
WW_5_45_500;[[4.667,(73,223)],[3.111,(73,223)],[4.667,(73,223)],[3.111,(73,223)],[2.2,(48,148)],[2.2,(48,148)],[2.2,(48,148)],[2.2,(48,148)],[2.2,(48,148)],[1.556,(73,198)],[3.479,(73,198)],[3.479,(73,198)],[5.609,(73,198)],[1.556,(73,198)],[3.479,(73,198)],[3.479,(73,198)],[5.609,(73,198)]]
WW_7_45_500;[[5.515,(73,223)],[3.677,(73,223)],[5.515,(73,223)],[3.677,(73,223)],[2.6,(48,198)],[2.6,(48,198)],[2.6,(48,198)],[2.6,(48,198)],[2.6,(48,198)],[1.838,(73,223)],[4.111,(73,223)],[4.111,(73,223)],[6.629,(73,223)],[1.838,(73,223)],[4.111,(73,223)],[4.111,(73,223)],[6.629,(73,223)]]
WW_9_45_500;[[6.364,(73,223)],[4.243,(73,223)],[6.364,(73,223)],[4.243,(73,223)],[3,(61,198)],[3,(61,198)],[3,(61,198)],[3,(61,198)],[3,(61,198)],[2.121,(73,223)],[4.743,(73,223)],[4.743,(73,223)],[7.649,(73,223)],[2.121,(73,223)],[4.743,(73,223)],[4.743,(73,223)],[7.649,(73,223)]]
WW_11_45_500;[[7.212,(73,223)],[4.808,(73,223)],[7.212,(73,223)],[4.808,(73,223)],[3.4,(73,223)],[3.4,(73,223)],[3.4,(73,223)],[3.4,(73,223)],[3.4,(73,223)],[2.404,(73,223)],[5.376,(73,223)],[5.376,(73,223)],[8.668,(73,223)],[2.404,(73,223)],[5.376,(73,223)],[5.376,(73,223)],[8.668,(73,223)]]
WW_13_45_500;[[8.061,(73,223)],[5.374,(73,223)],[8.061,(73,223)],[5.374,(73,223)],[3.8,(73,223)],[3.8,(73,223)],[3.8,(73,223)],[3.8,(73,223)],[3.8,(73,223)],[2.687,(73,223)],[6.008,(73,223)],[6.008,(73,223)],[9.688,(73,223)],[2.687,(73,223)],[6.008,(73,223)],[6.008,(73,223)],[9.688,(73,223)]]
WW_15_45_500;[[8.061,(73,223)],[5.374,(73,223)],[8.061,(73,223)],[5.374,(73,223)],[3.8,(73,223)],[3.8,(73,223)],[3.8,(73,223)],[3.8,(73,223)],[3.8,(73,223)],[2.687,(73,223)],[6.008,(73,223)],[6.008,(73,223)],[9.688,(73,223)],[2.687,(73,223)],[6.008,(73,223)],[6.008,(73,223)],[9.688,(73,223)]]
WW_17_45_500;[[8.061,(73,223)],[5.374,(73,223)],[8.061,(73,223)],[5.374,(73,223)],[3.8,(73,223)],[3.8,(73,223)],[3.8,(73,223)],[3.8,(73,223)],[3.8,(73,223)],[2.687,(73,223)],[6.008,(73,223)],[6.008,(73,223)],[9.688,(73,223)],[2.687,(73,223)],[6.008,(73,223)],[6.008,(73,223)],[9.688,(73,223)]]
WW_19_45_500;[[8.061,(73,223)],[5.374,(73,223)],[8.061,(73,223)],[5.374,(73,223)],[3.8,(73,223)],[3.8,(73,223)],[3.8,(73,223)],[3.8,(73,223)],[3.8,(73,223)],[2.687,(73,223)],[6.008,(73,223)],[6.008,(73,223)],[9.688,(73,223)],[2.687,(73,223)],[6.008,(73,223)],[6.008,(73,223)],[9.688,(73,223)]]
A_5_15_300;[[2.588,(73,198)],[1.734,(73,198)],[0.854,(73,198)],[5,(36,148)],[0.221,(36,148)],[0.221,(36,148)],[1.65,(36,148)]]
A_7_15_300;[[3.623,(73,223)],[2.428,(73,223)],[1.196,(73,223)],[7,(73,223)],[0.309,(36,198)],[0.309,(36,198)],[2.31,(36,198)]]
A_9_15_300;[[4.659,(73,223)],[3.121,(73,223)],[1.537,(73,223)],[9,(73,223)],[0.398,(73,223)],[0.398,(73,223)],[2.97,(73,223)]]
A_11_15_300;[[5.694,(73,223)],[3.815,(73,223)],[1.879,(73,223)],[11,(73,223)],[0.486,(73,223)],[0.486,(73,223)],[3.63,(73,223)]]
A_13_15_300;[[6.729,(73,223)],[4.509,(73,223)],[2.221,(73,223)],[13,(73,223)],[0.575,(73,223)],[0.575,(73,223)],[4.29,(73,223)]]
A_15_15_300;[[7.765,(73,223)],[5.202,(73,223)],[2.562,(73,223)],[15,(73,223)],[0.663,(73,223)],[0.663,(73,223)],[4.95,(73,223)]]
A_17_15_300;[[8.8,(73,223)],[5.896,(73,223)],[2.904,(73,223)],[17,(73,223)],[0.752,(73,223)],[0.752,(73,223)],[5.61,(73,223)]]
A_19_15_300;[[9.835,(73,223)],[6.59,(73,223)],[3.246,(73,223)],[19,(73,223)],[0.84,(73,223)],[0.84,(73,223)],[6.27,(73,223)]]
A_5_20_300;[[2.66,(73,198)],[1.782,(73,198)],[0.878,(73,198)],[5,(36,148)],[0.3,(36,148)],[0.3,(36,148)],[1.65,(36,148)]]
A_7_20_300;[[3.725,(73,223)],[2.495,(73,223)],[1.229,(73,223)],[7,(73,198)],[0.42,(36,198)],[0.42,(36,198)],[2.31,(36,198)]]
A_9_20_300;[[4.789,(73,223)],[3.208,(73,223)],[1.58,(73,223)],[9,(73,223)],[0.54,(73,223)],[0.54,(73,223)],[2.97,(73,223)]]
A_11_20_300;[[5.853,(73,223)],[3.921,(73,223)],[1.931,(73,223)],[11,(73,223)],[0.661,(73,223)],[0.661,(73,223)],[3.63,(73,223)]]
A_13_20_300;[[6.917,(73,223)],[4.634,(73,223)],[2.283,(73,223)],[13,(73,223)],[0.781,(73,223)],[0.781,(73,223)],[4.29,(73,223)]]
A_15_20_300;[[7.981,(73,223)],[5.347,(73,223)],[2.634,(73,223)],[15,(73,223)],[0.901,(73,223)],[0.901,(73,223)],[4.95,(73,223)]]
A_17_20_300;[[9.046,(73,223)],[6.06,(73,223)],[2.985,(73,223)],[17,(73,223)],[1.021,(73,223)],[1.021,(73,223)],[5.61,(73,223)]]
A_19_20_300;[[10.11,(73,223)],[6.773,(73,223)],[3.336,(73,223)],[19,(73,223)],[1.141,(73,223)],[1.141,(73,223)],[6.27,(73,223)]]
A_5_25_300;[[2.758,(61,198)],[1.848,(61,198)],[0.91,(61,198)],[5,(36,148)],[0.385,(36,148)],[0.385,(36,148)],[1.65,(36,148)]]
A_7_25_300;[[3.862,(73,223)],[2.587,(73,223)],[1.274,(73,223)],[7,(73,198)],[0.539,(36,198)],[0.539,(36,198)],[2.31,(36,198)]]
A_9_25_300;[[4.965,(73,223)],[3.327,(73,223)],[1.639,(73,223)],[9,(73,223)],[0.692,(73,223)],[0.692,(73,223)],[2.97,(73,223)]]
A_11_25_300;[[6.069,(73,223)],[4.066,(73,223)],[2.003,(73,223)],[11,(73,223)],[0.846,(73,223)],[0.846,(73,223)],[3.63,(73,223)]]
A_13_25_300;[[7.172,(73,223)],[4.805,(73,223)],[2.367,(73,223)],[13,(73,223)],[1,(73,223)],[1,(73,223)],[4.29,(73,223)]]
A_15_25_300;[[8.275,(73,223)],[5.544,(73,223)],[2.731,(73,223)],[15,(73,223)],[1.154,(73,223)],[1.154,(73,223)],[4.95,(73,223)]]
A_17_25_300;[[9.379,(73,223)],[6.284,(73,223)],[3.095,(73,223)],[17,(73,223)],[1.308,(73,223)],[1.308,(73,223)],[5.61,(73,223)]]
A_19_25_300;[[10.482,(73,223)],[7.023,(73,223)],[3.459,(73,223)],[19,(73,223)],[1.462,(73,223)],[1.462,(73,223)],[6.27,(73,223)]]
A_5_30_300;[[2.887,(61,198)],[1.934,(61,198)],[0.953,(61,198)],[5,(36,148)],[0.476,(36,148)],[0.476,(36,148)],[1.65,(36,148)]]
A_7_30_300;[[4.041,(73,223)],[2.708,(73,223)],[1.334,(73,223)],[7,(73,198)],[0.667,(36,198)],[0.667,(36,198)],[2.31,(36,198)]]
A_9_30_300;[[5.196,(73,223)],[3.481,(73,223)],[1.715,(73,223)],[9,(73,223)],[0.857,(73,223)],[0.857,(73,223)],[2.97,(73,223)]]
A_11_30_300;[[6.351,(73,223)],[4.255,(73,223)],[2.096,(73,223)],[11,(73,223)],[1.048,(73,223)],[1.048,(73,223)],[3.63,(73,223)]]
A_13_30_300;[[7.506,(73,223)],[5.029,(73,223)],[2.477,(73,223)],[13,(73,223)],[1.238,(73,223)],[1.238,(73,223)],[4.29,(73,223)]]
A_15_30_300;[[8.66,(73,223)],[5.802,(73,223)],[2.858,(73,223)],[15,(73,223)],[1.429,(73,223)],[1.429,(73,223)],[4.95,(73,223)]]
A_17_30_300;[[9.815,(73,223)],[6.576,(73,223)],[3.239,(73,223)],[17,(73,223)],[1.619,(73,223)],[1.619,(73,223)],[5.61,(73,223)]]
A_19_30_300;[[10.97,(73,223)],[7.35,(73,223)],[3.62,(73,223)],[19,(73,223)],[1.81,(73,223)],[1.81,(73,223)],[6.27,(73,223)]]
A_5_35_300;[[3.052,(61,198)],[2.045,(61,198)],[1.007,(61,198)],[5,(36,148)],[0.578,(36,148)],[0.578,(36,148)],[1.65,(36,148)]]
A_7_35_300;[[4.273,(73,223)],[2.863,(73,223)],[1.41,(73,223)],[7,(61,198)],[0.809,(36,198)],[0.809,(36,198)],[2.31,(36,198)]]
A_9_35_300;[[5.493,(73,223)],[3.681,(73,223)],[1.813,(73,223)],[9,(73,223)],[1.04,(73,223)],[1.04,(73,223)],[2.97,(73,223)]]
A_11_35_300;[[6.714,(73,223)],[4.499,(73,223)],[2.216,(73,223)],[11,(73,223)],[1.271,(73,223)],[1.271,(73,223)],[3.63,(73,223)]]
A_13_35_300;[[7.935,(73,223)],[5.316,(73,223)],[2.619,(73,223)],[13,(73,223)],[1.502,(73,223)],[1.502,(73,223)],[4.29,(73,223)]]
A_15_35_300;[[9.156,(73,223)],[6.134,(73,223)],[3.021,(73,223)],[15,(73,223)],[1.733,(73,223)],[1.733,(73,223)],[4.95,(73,223)]]
A_17_35_300;[[10.377,(73,223)],[6.952,(73,223)],[3.424,(73,223)],[17,(73,223)],[1.964,(73,223)],[1.964,(73,223)],[5.61,(73,223)]]
A_19_35_300;[[11.597,(73,223)],[7.77,(73,223)],[3.827,(73,223)],[19,(73,223)],[2.195,(73,223)],[2.195,(73,223)],[6.27,(73,223)]]
A_5_40_300;[[3.264,(61,198)],[2.187,(61,198)],[1.077,(61,198)],[5,(36,148)],[0.692,(36,148)],[0.692,(36,148)],[1.65,(36,148)]]
A_7_40_300;[[4.569,(73,223)],[3.061,(73,223)],[1.508,(73,223)],[7,(61,198)],[0.969,(36,198)],[0.969,(36,198)],[2.31,(36,198)]]
A_9_40_300;[[5.874,(73,223)],[3.936,(73,223)],[1.939,(73,223)],[9,(73,223)],[1.246,(73,223)],[1.246,(73,223)],[2.97,(73,223)]]
A_11_40_300;[[7.18,(73,223)],[4.81,(73,223)],[2.369,(73,223)],[11,(73,223)],[1.523,(73,223)],[1.523,(73,223)],[3.63,(73,223)]]
A_13_40_300;[[8.485,(73,223)],[5.685,(73,223)],[2.8,(73,223)],[13,(73,223)],[1.8,(73,223)],[1.8,(73,223)],[4.29,(73,223)]]
A_15_40_300;[[9.791,(73,223)],[6.56,(73,223)],[3.231,(73,223)],[15,(73,223)],[2.077,(73,223)],[2.077,(73,223)],[4.95,(73,223)]]
A_17_40_300;[[11.096,(73,223)],[7.434,(73,223)],[3.662,(73,223)],[17,(73,223)],[2.354,(73,223)],[2.354,(73,223)],[5.61,(73,223)]]
A_19_40_300;[[12.401,(73,223)],[8.309,(73,223)],[4.092,(73,223)],[19,(73,223)],[2.631,(73,223)],[2.631,(73,223)],[6.27,(73,223)]]
A_5_45_300;[[3.536,(61,198)],[2.369,(61,198)],[1.167,(61,198)],[5,(36,148)],[0.825,(36,148)],[0.825,(36,148)],[1.65,(36,148)]]
A_7_45_300;[[4.95,(73,223)],[3.316,(73,223)],[1.633,(73,223)],[7,(48,198)],[1.155,(36,198)],[1.155,(36,198)],[2.31,(36,198)]]
A_9_45_300;[[6.364,(73,223)],[4.264,(73,223)],[2.1,(73,223)],[9,(73,223)],[1.485,(73,223)],[1.485,(73,223)],[2.97,(73,223)]]
A_11_45_300;[[7.778,(73,223)],[5.211,(73,223)],[2.567,(73,223)],[11,(73,223)],[1.815,(73,223)],[1.815,(73,223)],[3.63,(73,223)]]
A_13_45_300;[[9.192,(73,223)],[6.159,(73,223)],[3.033,(73,223)],[13,(73,223)],[2.145,(73,223)],[2.145,(73,223)],[4.29,(73,223)]]
A_15_45_300;[[10.607,(73,223)],[7.106,(73,223)],[3.5,(73,223)],[15,(73,223)],[2.475,(73,223)],[2.475,(73,223)],[4.95,(73,223)]]
A_17_45_300;[[12.021,(73,223)],[8.054,(73,223)],[3.967,(73,223)],[17,(73,223)],[2.805,(73,223)],[2.805,(73,223)],[5.61,(73,223)]]
A_19_45_300;[[13.435,(73,223)],[9.001,(73,223)],[4.434,(73,223)],[19,(73,223)],[3.135,(73,223)],[3.135,(73,223)],[6.27,(73,223)]]
A_5_15_500;[[2.588,(73,223)],[1.734,(73,223)],[0.854,(73,223)],[5,(36,148)],[0.221,(36,148)],[0.221,(36,148)],[1.65,(36,148)]]
A_7_15_500;[[3.623,(73,223)],[2.428,(73,223)],[1.196,(73,223)],[7,(73,223)],[0.309,(36,198)],[0.309,(36,198)],[2.31,(36,198)]]
A_9_15_500;[[4.659,(73,223)],[3.121,(73,223)],[1.537,(73,223)],[9,(73,223)],[0.398,(73,223)],[0.398,(73,223)],[2.97,(73,223)]]
A_11_15_500;[[5.694,(73,223)],[3.815,(73,223)],[1.879,(73,223)],[11,(73,223)],[0.486,(73,223)],[0.486,(73,223)],[3.63,(73,223)]]
A_13_15_500;[[6.729,(73,223)],[4.509,(73,223)],[2.221,(73,223)],[13,(73,223)],[0.575,(73,223)],[0.575,(73,223)],[4.29,(73,223)]]
A_15_15_500;[[7.765,(73,223)],[5.202,(73,223)],[2.562,(73,223)],[15,(73,223)],[0.663,(73,223)],[0.663,(73,223)],[4.95,(73,223)]]
A_17_15_500;[[8.8,(73,223)],[5.896,(73,223)],[2.904,(73,223)],[17,(73,223)],[0.752,(73,223)],[0.752,(73,223)],[5.61,(73,223)]]
A_19_15_500;[[9.835,(73,223)],[6.59,(73,223)],[3.246,(73,223)],[19,(73,223)],[0.84,(73,223)],[0.84,(73,223)],[6.27,(73,223)]]
A_5_20_500;[[2.66,(73,198)],[1.782,(73,198)],[0.878,(73,198)],[5,(36,148)],[0.3,(36,148)],[0.3,(36,148)],[1.65,(36,148)]]
A_7_20_500;[[3.725,(73,223)],[2.495,(73,223)],[1.229,(73,223)],[7,(73,198)],[0.42,(36,198)],[0.42,(36,198)],[2.31,(36,198)]]
A_9_20_500;[[4.789,(73,223)],[3.208,(73,223)],[1.58,(73,223)],[9,(73,223)],[0.54,(73,223)],[0.54,(73,223)],[2.97,(73,223)]]
A_11_20_500;[[5.853,(73,223)],[3.921,(73,223)],[1.931,(73,223)],[11,(73,223)],[0.661,(73,223)],[0.661,(73,223)],[3.63,(73,223)]]
A_13_20_500;[[6.917,(73,223)],[4.634,(73,223)],[2.283,(73,223)],[13,(73,223)],[0.781,(73,223)],[0.781,(73,223)],[4.29,(73,223)]]
A_15_20_500;[[7.981,(73,223)],[5.347,(73,223)],[2.634,(73,223)],[15,(73,223)],[0.901,(73,223)],[0.901,(73,223)],[4.95,(73,223)]]
A_17_20_500;[[9.046,(73,223)],[6.06,(73,223)],[2.985,(73,223)],[17,(73,223)],[1.021,(73,223)],[1.021,(73,223)],[5.61,(73,223)]]
A_19_20_500;[[10.11,(73,223)],[6.773,(73,223)],[3.336,(73,223)],[19,(73,223)],[1.141,(73,223)],[1.141,(73,223)],[6.27,(73,223)]]
A_5_25_500;[[2.758,(73,198)],[1.848,(73,198)],[0.91,(73,198)],[5,(36,148)],[0.385,(36,148)],[0.385,(36,148)],[1.65,(36,148)]]
A_7_25_500;[[3.862,(73,223)],[2.587,(73,223)],[1.274,(73,223)],[7,(73,198)],[0.539,(36,198)],[0.539,(36,198)],[2.31,(36,198)]]
A_9_25_500;[[4.965,(73,223)],[3.327,(73,223)],[1.639,(73,223)],[9,(73,223)],[0.692,(73,223)],[0.692,(73,223)],[2.97,(73,223)]]
A_11_25_500;[[6.069,(73,223)],[4.066,(73,223)],[2.003,(73,223)],[11,(73,223)],[0.846,(73,223)],[0.846,(73,223)],[3.63,(73,223)]]
A_13_25_500;[[7.172,(73,223)],[4.805,(73,223)],[2.367,(73,223)],[13,(73,223)],[1,(73,223)],[1,(73,223)],[4.29,(73,223)]]
A_15_25_500;[[8.275,(73,223)],[5.544,(73,223)],[2.731,(73,223)],[15,(73,223)],[1.154,(73,223)],[1.154,(73,223)],[4.95,(73,223)]]
A_17_25_500;[[9.379,(73,223)],[6.284,(73,223)],[3.095,(73,223)],[17,(73,223)],[1.308,(73,223)],[1.308,(73,223)],[5.61,(73,223)]]
A_19_25_500;[[10.482,(73,223)],[7.023,(73,223)],[3.459,(73,223)],[19,(73,223)],[1.462,(73,223)],[1.462,(73,223)],[6.27,(73,223)]]
A_5_30_500;[[2.887,(61,198)],[1.934,(61,198)],[0.953,(61,198)],[5,(36,148)],[0.476,(36,148)],[0.476,(36,148)],[1.65,(36,148)]]
A_7_30_500;[[4.041,(73,223)],[2.708,(73,223)],[1.334,(73,223)],[7,(73,198)],[0.667,(36,198)],[0.667,(36,198)],[2.31,(36,198)]]
A_9_30_500;[[5.196,(73,223)],[3.481,(73,223)],[1.715,(73,223)],[9,(73,223)],[0.857,(73,223)],[0.857,(73,223)],[2.97,(73,223)]]
A_11_30_500;[[6.351,(73,223)],[4.255,(73,223)],[2.096,(73,223)],[11,(73,223)],[1.048,(73,223)],[1.048,(73,223)],[3.63,(73,223)]]
A_13_30_500;[[7.506,(73,223)],[5.029,(73,223)],[2.477,(73,223)],[13,(73,223)],[1.238,(73,223)],[1.238,(73,223)],[4.29,(73,223)]]
A_15_30_500;[[8.66,(73,223)],[5.802,(73,223)],[2.858,(73,223)],[15,(73,223)],[1.429,(73,223)],[1.429,(73,223)],[4.95,(73,223)]]
A_17_30_500;[[9.815,(73,223)],[6.576,(73,223)],[3.239,(73,223)],[17,(73,223)],[1.619,(73,223)],[1.619,(73,223)],[5.61,(73,223)]]
A_19_30_500;[[10.97,(73,223)],[7.35,(73,223)],[3.62,(73,223)],[19,(73,223)],[1.81,(73,223)],[1.81,(73,223)],[6.27,(73,223)]]
A_5_35_500;[[3.052,(61,198)],[2.045,(61,198)],[1.007,(61,198)],[5,(36,148)],[0.578,(36,148)],[0.578,(36,148)],[1.65,(36,148)]]
A_7_35_500;[[4.273,(73,223)],[2.863,(73,223)],[1.41,(73,223)],[7,(61,198)],[0.809,(36,198)],[0.809,(36,198)],[2.31,(36,198)]]
A_9_35_500;[[5.493,(73,223)],[3.681,(73,223)],[1.813,(73,223)],[9,(73,223)],[1.04,(73,223)],[1.04,(73,223)],[2.97,(73,223)]]
A_11_35_500;[[6.714,(73,223)],[4.499,(73,223)],[2.216,(73,223)],[11,(73,223)],[1.271,(73,223)],[1.271,(73,223)],[3.63,(73,223)]]
A_13_35_500;[[7.935,(73,223)],[5.316,(73,223)],[2.619,(73,223)],[13,(73,223)],[1.502,(73,223)],[1.502,(73,223)],[4.29,(73,223)]]
A_15_35_500;[[9.156,(73,223)],[6.134,(73,223)],[3.021,(73,223)],[15,(73,223)],[1.733,(73,223)],[1.733,(73,223)],[4.95,(73,223)]]
A_17_35_500;[[10.377,(73,223)],[6.952,(73,223)],[3.424,(73,223)],[17,(73,223)],[1.964,(73,223)],[1.964,(73,223)],[5.61,(73,223)]]
A_19_35_500;[[11.597,(73,223)],[7.77,(73,223)],[3.827,(73,223)],[19,(73,223)],[2.195,(73,223)],[2.195,(73,223)],[6.27,(73,223)]]
A_5_40_500;[[3.264,(61,198)],[2.187,(61,198)],[1.077,(61,198)],[5,(36,148)],[0.692,(36,148)],[0.692,(36,148)],[1.65,(36,148)]]
A_7_40_500;[[4.569,(73,223)],[3.061,(73,223)],[1.508,(73,223)],[7,(61,198)],[0.969,(36,198)],[0.969,(36,198)],[2.31,(36,198)]]
A_9_40_500;[[5.874,(73,223)],[3.936,(73,223)],[1.939,(73,223)],[9,(73,223)],[1.246,(73,223)],[1.246,(73,223)],[2.97,(73,223)]]
A_11_40_500;[[7.18,(73,223)],[4.81,(73,223)],[2.369,(73,223)],[11,(73,223)],[1.523,(73,223)],[1.523,(73,223)],[3.63,(73,223)]]
A_13_40_500;[[8.485,(73,223)],[5.685,(73,223)],[2.8,(73,223)],[13,(73,223)],[1.8,(73,223)],[1.8,(73,223)],[4.29,(73,223)]]
A_15_40_500;[[9.791,(73,223)],[6.56,(73,223)],[3.231,(73,223)],[15,(73,223)],[2.077,(73,223)],[2.077,(73,223)],[4.95,(73,223)]]
A_17_40_500;[[11.096,(73,223)],[7.434,(73,223)],[3.662,(73,223)],[17,(73,223)],[2.354,(73,223)],[2.354,(73,223)],[5.61,(73,223)]]
A_19_40_500;[[12.401,(73,223)],[8.309,(73,223)],[4.092,(73,223)],[19,(73,223)],[2.631,(73,223)],[2.631,(73,223)],[6.27,(73,223)]]
A_5_45_500;[[3.536,(61,198)],[2.369,(61,198)],[1.167,(61,198)],[5,(36,148)],[0.825,(36,148)],[0.825,(36,148)],[1.65,(36,148)]]
A_7_45_500;[[4.95,(73,223)],[3.316,(73,223)],[1.633,(73,223)],[7,(48,198)],[1.155,(36,198)],[1.155,(36,198)],[2.31,(36,198)]]
A_9_45_500;[[6.364,(73,223)],[4.264,(73,223)],[2.1,(73,223)],[9,(73,223)],[1.485,(73,223)],[1.485,(73,223)],[2.97,(73,223)]]
A_11_45_500;[[7.778,(73,223)],[5.211,(73,223)],[2.567,(73,223)],[11,(73,223)],[1.815,(73,223)],[1.815,(73,223)],[3.63,(73,223)]]
A_13_45_500;[[9.192,(73,223)],[6.159,(73,223)],[3.033,(73,223)],[13,(73,223)],[2.145,(73,223)],[2.145,(73,223)],[4.29,(73,223)]]
A_15_45_500;[[10.607,(73,223)],[7.106,(73,223)],[3.5,(73,223)],[15,(73,223)],[2.475,(73,223)],[2.475,(73,223)],[4.95,(73,223)]]
A_17_45_500;[[12.021,(73,223)],[8.054,(73,223)],[3.967,(73,223)],[17,(73,223)],[2.805,(73,223)],[2.805,(73,223)],[5.61,(73,223)]]
A_19_45_500;[[13.435,(73,223)],[9.001,(73,223)],[4.434,(73,223)],[19,(73,223)],[3.135,(73,223)],[3.135,(73,223)],[6.27,(73,223)]]
A-lifted_5_15_300;[[2.588,(73,198)],[1.708,(73,198)],[0.88,(73,198)],[0.85,(36,148)],[3.3,(36,148)],[0.85,(36,148)],[0.25,(36,148)],[0.478,(36,148)],[0.886,(36,148)],[0.25,(36,148)],[0.478,(36,148)],[0.886,(36,148)],[1.7,(36,148)]]
A-lifted_7_15_300;[[3.623,(73,223)],[2.391,(73,223)],[1.232,(73,223)],[1.19,(36,148)],[4.62,(36,148)],[1.19,(36,148)],[0.35,(36,198)],[0.669,(36,198)],[1.24,(36,198)],[0.35,(36,198)],[0.669,(36,198)],[1.24,(36,198)],[2.38,(36,198)]]
A-lifted_9_15_300;[[4.659,(73,223)],[3.075,(73,223)],[1.584,(73,223)],[1.53,(61,198)],[5.94,(61,198)],[1.53,(61,198)],[0.45,(73,223)],[0.86,(73,223)],[1.595,(73,223)],[0.45,(73,223)],[0.86,(73,223)],[1.595,(73,223)],[3.06,(73,223)]]
A-lifted_11_15_300;[[5.694,(73,223)],[3.758,(73,223)],[1.936,(73,223)],[1.87,(73,223)],[7.26,(73,223)],[1.87,(73,223)],[0.55,(73,223)],[1.051,(73,223)],[1.949,(73,223)],[0.55,(73,223)],[1.051,(73,223)],[1.949,(73,223)],[3.74,(73,223)]]
A-lifted_13_15_300;[[6.729,(73,223)],[4.441,(73,223)],[2.288,(73,223)],[2.21,(73,223)],[8.58,(73,223)],[2.21,(73,223)],[0.65,(73,223)],[1.242,(73,223)],[2.304,(73,223)],[0.65,(73,223)],[1.242,(73,223)],[2.304,(73,223)],[4.42,(73,223)]]
A-lifted_15_15_300;[[7.765,(73,223)],[5.125,(73,223)],[2.64,(73,223)],[2.55,(73,223)],[9.9,(73,223)],[2.55,(73,223)],[0.75,(73,223)],[1.433,(73,223)],[2.658,(73,223)],[0.75,(73,223)],[1.433,(73,223)],[2.658,(73,223)],[5.1,(73,223)]]
A-lifted_17_15_300;[[8.8,(73,223)],[5.808,(73,223)],[2.992,(73,223)],[2.89,(73,223)],[11.22,(73,223)],[2.89,(73,223)],[0.85,(73,223)],[1.624,(73,223)],[3.012,(73,223)],[0.85,(73,223)],[1.624,(73,223)],[3.012,(73,223)],[5.78,(73,223)]]
A-lifted_19_15_300;[[9.835,(73,223)],[6.491,(73,223)],[3.344,(73,223)],[3.23,(73,223)],[12.54,(73,223)],[3.23,(73,223)],[0.95,(73,223)],[1.815,(73,223)],[3.367,(73,223)],[0.95,(73,223)],[1.815,(73,223)],[3.367,(73,223)],[6.46,(73,223)]]
A-lifted_5_20_300;[[2.66,(61,198)],[1.756,(61,198)],[0.905,(61,198)],[0.85,(36,148)],[3.3,(36,148)],[0.85,(36,148)],[0.25,(36,148)],[0.559,(36,148)],[0.886,(36,148)],[0.25,(36,148)],[0.559,(36,148)],[0.886,(36,148)],[1.7,(36,148)]]
A-lifted_7_20_300;[[3.725,(73,223)],[2.458,(73,223)],[1.266,(73,223)],[1.19,(36,148)],[4.62,(36,148)],[1.19,(36,148)],[0.35,(36,198)],[0.783,(36,198)],[1.24,(36,198)],[0.35,(36,198)],[0.783,(36,198)],[1.24,(36,198)],[2.38,(36,198)]]
A-lifted_9_20_300;[[4.789,(73,223)],[3.161,(73,223)],[1.628,(73,223)],[1.53,(48,198)],[5.94,(48,198)],[1.53,(48,198)],[0.45,(73,223)],[1.007,(73,223)],[1.595,(73,223)],[0.45,(73,223)],[1.007,(73,223)],[1.595,(73,223)],[3.06,(73,223)]]
A-lifted_11_20_300;[[5.853,(73,223)],[3.863,(73,223)],[1.99,(73,223)],[1.87,(73,223)],[7.26,(73,223)],[1.87,(73,223)],[0.55,(73,223)],[1.231,(73,223)],[1.949,(73,223)],[0.55,(73,223)],[1.231,(73,223)],[1.949,(73,223)],[3.74,(73,223)]]
A-lifted_13_20_300;[[6.917,(73,223)],[4.565,(73,223)],[2.352,(73,223)],[2.21,(73,223)],[8.58,(73,223)],[2.21,(73,223)],[0.65,(73,223)],[1.454,(73,223)],[2.304,(73,223)],[0.65,(73,223)],[1.454,(73,223)],[2.304,(73,223)],[4.42,(73,223)]]
A-lifted_15_20_300;[[7.981,(73,223)],[5.268,(73,223)],[2.714,(73,223)],[2.55,(73,223)],[9.9,(73,223)],[2.55,(73,223)],[0.75,(73,223)],[1.678,(73,223)],[2.658,(73,223)],[0.75,(73,223)],[1.678,(73,223)],[2.658,(73,223)],[5.1,(73,223)]]
A-lifted_17_20_300;[[9.046,(73,223)],[5.97,(73,223)],[3.075,(73,223)],[2.89,(73,223)],[11.22,(73,223)],[2.89,(73,223)],[0.85,(73,223)],[1.902,(73,223)],[3.012,(73,223)],[0.85,(73,223)],[1.902,(73,223)],[3.012,(73,223)],[5.78,(73,223)]]
A-lifted_19_20_300;[[10.11,(73,223)],[6.672,(73,223)],[3.437,(73,223)],[3.23,(73,223)],[12.54,(73,223)],[3.23,(73,223)],[0.95,(73,223)],[2.126,(73,223)],[3.367,(73,223)],[0.95,(73,223)],[2.126,(73,223)],[3.367,(73,223)],[6.46,(73,223)]]
A-lifted_5_25_300;[[2.758,(61,198)],[1.821,(61,198)],[0.938,(61,198)],[0.85,(36,148)],[3.3,(36,148)],[0.85,(36,148)],[0.25,(36,148)],[0.646,(36,148)],[0.886,(36,148)],[0.25,(36,148)],[0.646,(36,148)],[0.886,(36,148)],[1.7,(36,148)]]
A-lifted_7_25_300;[[3.862,(73,223)],[2.549,(73,223)],[1.313,(73,223)],[1.19,(36,148)],[4.62,(36,148)],[1.19,(36,148)],[0.35,(36,198)],[0.905,(36,198)],[1.24,(36,198)],[0.35,(36,198)],[0.905,(36,198)],[1.24,(36,198)],[2.38,(36,198)]]
A-lifted_9_25_300;[[4.965,(73,223)],[3.277,(73,223)],[1.688,(73,223)],[1.53,(36,198)],[5.94,(36,198)],[1.53,(36,198)],[0.45,(73,223)],[1.163,(73,223)],[1.595,(73,223)],[0.45,(73,223)],[1.163,(73,223)],[1.595,(73,223)],[3.06,(73,223)]]
A-lifted_11_25_300;[[6.069,(73,223)],[4.005,(73,223)],[2.063,(73,223)],[1.87,(73,223)],[7.26,(73,223)],[1.87,(73,223)],[0.55,(73,223)],[1.422,(73,223)],[1.949,(73,223)],[0.55,(73,223)],[1.422,(73,223)],[1.949,(73,223)],[3.74,(73,223)]]
A-lifted_13_25_300;[[7.172,(73,223)],[4.733,(73,223)],[2.438,(73,223)],[2.21,(73,223)],[8.58,(73,223)],[2.21,(73,223)],[0.65,(73,223)],[1.681,(73,223)],[2.304,(73,223)],[0.65,(73,223)],[1.681,(73,223)],[2.304,(73,223)],[4.42,(73,223)]]
A-lifted_15_25_300;[[8.275,(73,223)],[5.462,(73,223)],[2.814,(73,223)],[2.55,(73,223)],[9.9,(73,223)],[2.55,(73,223)],[0.75,(73,223)],[1.939,(73,223)],[2.658,(73,223)],[0.75,(73,223)],[1.939,(73,223)],[2.658,(73,223)],[5.1,(73,223)]]
A-lifted_17_25_300;[[9.379,(73,223)],[6.19,(73,223)],[3.189,(73,223)],[2.89,(73,223)],[11.22,(73,223)],[2.89,(73,223)],[0.85,(73,223)],[2.198,(73,223)],[3.012,(73,223)],[0.85,(73,223)],[2.198,(73,223)],[3.012,(73,223)],[5.78,(73,223)]]
A-lifted_19_25_300;[[10.482,(73,223)],[6.918,(73,223)],[3.564,(73,223)],[3.23,(73,223)],[12.54,(73,223)],[3.23,(73,223)],[0.95,(73,223)],[2.456,(73,223)],[3.367,(73,223)],[0.95,(73,223)],[2.456,(73,223)],[3.367,(73,223)],[6.46,(73,223)]]
A-lifted_5_30_300;[[2.887,(61,198)],[1.905,(61,198)],[0.981,(61,198)],[0.85,(36,148)],[3.3,(36,148)],[0.85,(36,148)],[0.25,(36,148)],[0.741,(36,148)],[0.886,(36,148)],[0.25,(36,148)],[0.741,(36,148)],[0.886,(36,148)],[1.7,(36,148)]]
A-lifted_7_30_300;[[4.041,(73,223)],[2.667,(73,223)],[1.374,(73,223)],[1.19,(36,148)],[4.62,(36,148)],[1.19,(36,148)],[0.35,(36,198)],[1.037,(36,198)],[1.24,(36,198)],[0.35,(36,198)],[1.037,(36,198)],[1.24,(36,198)],[2.38,(36,198)]]
A-lifted_9_30_300;[[5.196,(73,223)],[3.429,(73,223)],[1.767,(73,223)],[1.53,(36,198)],[5.94,(36,198)],[1.53,(36,198)],[0.45,(73,223)],[1.333,(73,223)],[1.595,(73,223)],[0.45,(73,223)],[1.333,(73,223)],[1.595,(73,223)],[3.06,(73,223)]]
A-lifted_11_30_300;[[6.351,(73,223)],[4.192,(73,223)],[2.159,(73,223)],[1.87,(73,223)],[7.26,(73,223)],[1.87,(73,223)],[0.55,(73,223)],[1.63,(73,223)],[1.949,(73,223)],[0.55,(73,223)],[1.63,(73,223)],[1.949,(73,223)],[3.74,(73,223)]]
A-lifted_13_30_300;[[7.506,(73,223)],[4.954,(73,223)],[2.552,(73,223)],[2.21,(73,223)],[8.58,(73,223)],[2.21,(73,223)],[0.65,(73,223)],[1.926,(73,223)],[2.304,(73,223)],[0.65,(73,223)],[1.926,(73,223)],[2.304,(73,223)],[4.42,(73,223)]]
A-lifted_15_30_300;[[8.66,(73,223)],[5.716,(73,223)],[2.944,(73,223)],[2.55,(73,223)],[9.9,(73,223)],[2.55,(73,223)],[0.75,(73,223)],[2.222,(73,223)],[2.658,(73,223)],[0.75,(73,223)],[2.222,(73,223)],[2.658,(73,223)],[5.1,(73,223)]]
A-lifted_17_30_300;[[9.815,(73,223)],[6.478,(73,223)],[3.337,(73,223)],[2.89,(73,223)],[11.22,(73,223)],[2.89,(73,223)],[0.85,(73,223)],[2.519,(73,223)],[3.012,(73,223)],[0.85,(73,223)],[2.519,(73,223)],[3.012,(73,223)],[5.78,(73,223)]]
A-lifted_19_30_300;[[10.97,(73,223)],[7.24,(73,223)],[3.73,(73,223)],[3.23,(73,223)],[12.54,(73,223)],[3.23,(73,223)],[0.95,(73,223)],[2.815,(73,223)],[3.367,(73,223)],[0.95,(73,223)],[2.815,(73,223)],[3.367,(73,223)],[6.46,(73,223)]]
A-lifted_5_35_300;[[3.052,(61,198)],[2.014,(61,198)],[1.038,(61,198)],[0.85,(36,148)],[3.3,(36,148)],[0.85,(36,148)],[0.25,(36,148)],[0.845,(36,148)],[0.886,(36,148)],[0.25,(36,148)],[0.845,(36,148)],[0.886,(36,148)],[1.7,(36,148)]]
A-lifted_7_35_300;[[4.273,(73,223)],[2.82,(73,223)],[1.453,(73,223)],[1.19,(36,148)],[4.62,(36,148)],[1.19,(36,148)],[0.35,(36,198)],[1.183,(36,198)],[1.24,(36,198)],[0.35,(36,198)],[1.183,(36,198)],[1.24,(36,198)],[2.38,(36,198)]]
A-lifted_9_35_300;[[5.493,(73,223)],[3.626,(73,223)],[1.868,(73,223)],[1.53,(48,198)],[5.94,(48,198)],[1.53,(48,198)],[0.45,(73,223)],[1.521,(73,223)],[1.595,(73,223)],[0.45,(73,223)],[1.521,(73,223)],[1.595,(73,223)],[3.06,(73,223)]]
A-lifted_11_35_300;[[6.714,(73,223)],[4.431,(73,223)],[2.283,(73,223)],[1.87,(73,223)],[7.26,(73,223)],[1.87,(73,223)],[0.55,(73,223)],[1.859,(73,223)],[1.949,(73,223)],[0.55,(73,223)],[1.859,(73,223)],[1.949,(73,223)],[3.74,(73,223)]]
A-lifted_13_35_300;[[7.935,(73,223)],[5.237,(73,223)],[2.698,(73,223)],[2.21,(73,223)],[8.58,(73,223)],[2.21,(73,223)],[0.65,(73,223)],[2.197,(73,223)],[2.304,(73,223)],[0.65,(73,223)],[2.197,(73,223)],[2.304,(73,223)],[4.42,(73,223)]]
A-lifted_15_35_300;[[9.156,(73,223)],[6.043,(73,223)],[3.113,(73,223)],[2.55,(73,223)],[9.9,(73,223)],[2.55,(73,223)],[0.75,(73,223)],[2.536,(73,223)],[2.658,(73,223)],[0.75,(73,223)],[2.536,(73,223)],[2.658,(73,223)],[5.1,(73,223)]]
A-lifted_17_35_300;[[10.377,(73,223)],[6.849,(73,223)],[3.528,(73,223)],[2.89,(73,223)],[11.22,(73,223)],[2.89,(73,223)],[0.85,(73,223)],[2.874,(73,223)],[3.012,(73,223)],[0.85,(73,223)],[2.874,(73,223)],[3.012,(73,223)],[5.78,(73,223)]]
A-lifted_19_35_300;[[11.597,(73,223)],[7.654,(73,223)],[3.943,(73,223)],[3.23,(73,223)],[12.54,(73,223)],[3.23,(73,223)],[0.95,(73,223)],[3.212,(73,223)],[3.367,(73,223)],[0.95,(73,223)],[3.212,(73,223)],[3.367,(73,223)],[6.46,(73,223)]]
A-lifted_5_40_300;[[3.264,(61,198)],[2.154,(61,198)],[1.11,(61,198)],[0.85,(36,148)],[3.3,(36,148)],[0.85,(36,148)],[0.25,(36,148)],[0.963,(36,148)],[0.886,(36,148)],[0.25,(36,148)],[0.963,(36,148)],[0.886,(36,148)],[1.7,(36,148)]]
A-lifted_7_40_300;[[4.569,(73,223)],[3.015,(73,223)],[1.553,(73,223)],[1.19,(36,148)],[4.62,(36,148)],[1.19,(36,148)],[0.35,(36,198)],[1.349,(36,198)],[1.24,(36,198)],[0.35,(36,198)],[1.349,(36,198)],[1.24,(36,198)],[2.38,(36,198)]]
A-lifted_9_40_300;[[5.874,(73,223)],[3.877,(73,223)],[1.997,(73,223)],[1.53,(61,198)],[5.94,(61,198)],[1.53,(61,198)],[0.45,(73,223)],[1.734,(73,223)],[1.595,(73,223)],[0.45,(73,223)],[1.734,(73,223)],[1.595,(73,223)],[3.06,(73,223)]]
A-lifted_11_40_300;[[7.18,(73,223)],[4.739,(73,223)],[2.441,(73,223)],[1.87,(73,223)],[7.26,(73,223)],[1.87,(73,223)],[0.55,(73,223)],[2.119,(73,223)],[1.949,(73,223)],[0.55,(73,223)],[2.119,(73,223)],[1.949,(73,223)],[3.74,(73,223)]]
A-lifted_13_40_300;[[8.485,(73,223)],[5.6,(73,223)],[2.885,(73,223)],[2.21,(73,223)],[8.58,(73,223)],[2.21,(73,223)],[0.65,(73,223)],[2.504,(73,223)],[2.304,(73,223)],[0.65,(73,223)],[2.504,(73,223)],[2.304,(73,223)],[4.42,(73,223)]]
A-lifted_15_40_300;[[9.791,(73,223)],[6.462,(73,223)],[3.329,(73,223)],[2.55,(73,223)],[9.9,(73,223)],[2.55,(73,223)],[0.75,(73,223)],[2.89,(73,223)],[2.658,(73,223)],[0.75,(73,223)],[2.89,(73,223)],[2.658,(73,223)],[5.1,(73,223)]]
A-lifted_17_40_300;[[11.096,(73,223)],[7.323,(73,223)],[3.773,(73,223)],[2.89,(73,223)],[11.22,(73,223)],[2.89,(73,223)],[0.85,(73,223)],[3.275,(73,223)],[3.012,(73,223)],[0.85,(73,223)],[3.275,(73,223)],[3.012,(73,223)],[5.78,(73,223)]]
A-lifted_19_40_300;[[12.401,(73,223)],[8.185,(73,223)],[4.216,(73,223)],[3.23,(73,223)],[12.54,(73,223)],[3.23,(73,223)],[0.95,(73,223)],[3.66,(73,223)],[3.367,(73,223)],[0.95,(73,223)],[3.66,(73,223)],[3.367,(73,223)],[6.46,(73,223)]]
A-lifted_5_45_300;[[3.536,(61,198)],[2.333,(61,198)],[1.202,(61,198)],[0.85,(36,148)],[3.3,(36,148)],[0.85,(36,148)],[0.25,(36,148)],[1.1,(36,148)],[0.886,(36,148)],[0.25,(36,148)],[1.1,(36,148)],[0.886,(36,148)],[1.7,(36,148)]]
A-lifted_7_45_300;[[4.95,(73,223)],[3.267,(73,223)],[1.683,(73,223)],[1.19,(36,148)],[4.62,(36,148)],[1.19,(36,148)],[0.35,(36,198)],[1.54,(36,198)],[1.24,(36,198)],[0.35,(36,198)],[1.54,(36,198)],[1.24,(36,198)],[2.38,(36,198)]]
A-lifted_9_45_300;[[6.364,(73,223)],[4.2,(73,223)],[2.164,(73,223)],[1.53,(73,198)],[5.94,(73,198)],[1.53,(73,198)],[0.45,(73,223)],[1.98,(73,223)],[1.595,(73,223)],[0.45,(73,223)],[1.98,(73,223)],[1.595,(73,223)],[3.06,(73,223)]]
A-lifted_11_45_300;[[7.778,(73,223)],[5.134,(73,223)],[2.645,(73,223)],[1.87,(73,223)],[7.26,(73,223)],[1.87,(73,223)],[0.55,(73,223)],[2.42,(73,223)],[1.949,(73,223)],[0.55,(73,223)],[2.42,(73,223)],[1.949,(73,223)],[3.74,(73,223)]]
A-lifted_13_45_300;[[9.192,(73,223)],[6.067,(73,223)],[3.125,(73,223)],[2.21,(73,223)],[8.58,(73,223)],[2.21,(73,223)],[0.65,(73,223)],[2.86,(73,223)],[2.304,(73,223)],[0.65,(73,223)],[2.86,(73,223)],[2.304,(73,223)],[4.42,(73,223)]]
A-lifted_15_45_300;[[10.607,(73,223)],[7,(73,223)],[3.606,(73,223)],[2.55,(73,223)],[9.9,(73,223)],[2.55,(73,223)],[0.75,(73,223)],[3.3,(73,223)],[2.658,(73,223)],[0.75,(73,223)],[3.3,(73,223)],[2.658,(73,223)],[5.1,(73,223)]]
A-lifted_17_45_300;[[12.021,(73,223)],[7.934,(73,223)],[4.087,(73,223)],[2.89,(73,223)],[11.22,(73,223)],[2.89,(73,223)],[0.85,(73,223)],[3.74,(73,223)],[3.012,(73,223)],[0.85,(73,223)],[3.74,(73,223)],[3.012,(73,223)],[5.78,(73,223)]]
A-lifted_19_45_300;[[13.435,(73,223)],[8.867,(73,223)],[4.568,(73,223)],[3.23,(73,223)],[12.54,(73,223)],[3.23,(73,223)],[0.95,(73,223)],[4.18,(73,223)],[3.367,(73,223)],[0.95,(73,223)],[4.18,(73,223)],[3.367,(73,223)],[6.46,(73,223)]]
A-lifted_5_15_500;[[2.588,(73,198)],[1.708,(73,198)],[0.88,(73,198)],[0.85,(36,148)],[3.3,(36,148)],[0.85,(36,148)],[0.25,(36,148)],[0.478,(36,148)],[0.886,(36,148)],[0.25,(36,148)],[0.478,(36,148)],[0.886,(36,148)],[1.7,(36,148)]]
A-lifted_7_15_500;[[3.623,(73,223)],[2.391,(73,223)],[1.232,(73,223)],[1.19,(36,148)],[4.62,(36,148)],[1.19,(36,148)],[0.35,(36,198)],[0.669,(36,198)],[1.24,(36,198)],[0.35,(36,198)],[0.669,(36,198)],[1.24,(36,198)],[2.38,(36,198)]]
A-lifted_9_15_500;[[4.659,(73,223)],[3.075,(73,223)],[1.584,(73,223)],[1.53,(61,198)],[5.94,(61,198)],[1.53,(61,198)],[0.45,(73,223)],[0.86,(73,223)],[1.595,(73,223)],[0.45,(73,223)],[0.86,(73,223)],[1.595,(73,223)],[3.06,(73,223)]]
A-lifted_11_15_500;[[5.694,(73,223)],[3.758,(73,223)],[1.936,(73,223)],[1.87,(73,223)],[7.26,(73,223)],[1.87,(73,223)],[0.55,(73,223)],[1.051,(73,223)],[1.949,(73,223)],[0.55,(73,223)],[1.051,(73,223)],[1.949,(73,223)],[3.74,(73,223)]]
A-lifted_13_15_500;[[6.729,(73,223)],[4.441,(73,223)],[2.288,(73,223)],[2.21,(73,223)],[8.58,(73,223)],[2.21,(73,223)],[0.65,(73,223)],[1.242,(73,223)],[2.304,(73,223)],[0.65,(73,223)],[1.242,(73,223)],[2.304,(73,223)],[4.42,(73,223)]]
A-lifted_15_15_500;[[7.765,(73,223)],[5.125,(73,223)],[2.64,(73,223)],[2.55,(73,223)],[9.9,(73,223)],[2.55,(73,223)],[0.75,(73,223)],[1.433,(73,223)],[2.658,(73,223)],[0.75,(73,223)],[1.433,(73,223)],[2.658,(73,223)],[5.1,(73,223)]]
A-lifted_17_15_500;[[8.8,(73,223)],[5.808,(73,223)],[2.992,(73,223)],[2.89,(73,223)],[11.22,(73,223)],[2.89,(73,223)],[0.85,(73,223)],[1.624,(73,223)],[3.012,(73,223)],[0.85,(73,223)],[1.624,(73,223)],[3.012,(73,223)],[5.78,(73,223)]]
A-lifted_19_15_500;[[9.835,(73,223)],[6.491,(73,223)],[3.344,(73,223)],[3.23,(73,223)],[12.54,(73,223)],[3.23,(73,223)],[0.95,(73,223)],[1.815,(73,223)],[3.367,(73,223)],[0.95,(73,223)],[1.815,(73,223)],[3.367,(73,223)],[6.46,(73,223)]]
A-lifted_5_20_500;[[2.66,(61,198)],[1.756,(61,198)],[0.905,(61,198)],[0.85,(36,148)],[3.3,(36,148)],[0.85,(36,148)],[0.25,(36,148)],[0.559,(36,148)],[0.886,(36,148)],[0.25,(36,148)],[0.559,(36,148)],[0.886,(36,148)],[1.7,(36,148)]]
A-lifted_7_20_500;[[3.725,(73,223)],[2.458,(73,223)],[1.266,(73,223)],[1.19,(36,148)],[4.62,(36,148)],[1.19,(36,148)],[0.35,(36,198)],[0.783,(36,198)],[1.24,(36,198)],[0.35,(36,198)],[0.783,(36,198)],[1.24,(36,198)],[2.38,(36,198)]]
A-lifted_9_20_500;[[4.789,(73,223)],[3.161,(73,223)],[1.628,(73,223)],[1.53,(48,198)],[5.94,(48,198)],[1.53,(48,198)],[0.45,(73,223)],[1.007,(73,223)],[1.595,(73,223)],[0.45,(73,223)],[1.007,(73,223)],[1.595,(73,223)],[3.06,(73,223)]]
A-lifted_11_20_500;[[5.853,(73,223)],[3.863,(73,223)],[1.99,(73,223)],[1.87,(73,223)],[7.26,(73,223)],[1.87,(73,223)],[0.55,(73,223)],[1.231,(73,223)],[1.949,(73,223)],[0.55,(73,223)],[1.231,(73,223)],[1.949,(73,223)],[3.74,(73,223)]]
A-lifted_13_20_500;[[6.917,(73,223)],[4.565,(73,223)],[2.352,(73,223)],[2.21,(73,223)],[8.58,(73,223)],[2.21,(73,223)],[0.65,(73,223)],[1.454,(73,223)],[2.304,(73,223)],[0.65,(73,223)],[1.454,(73,223)],[2.304,(73,223)],[4.42,(73,223)]]
A-lifted_15_20_500;[[7.981,(73,223)],[5.268,(73,223)],[2.714,(73,223)],[2.55,(73,223)],[9.9,(73,223)],[2.55,(73,223)],[0.75,(73,223)],[1.678,(73,223)],[2.658,(73,223)],[0.75,(73,223)],[1.678,(73,223)],[2.658,(73,223)],[5.1,(73,223)]]
A-lifted_17_20_500;[[9.046,(73,223)],[5.97,(73,223)],[3.075,(73,223)],[2.89,(73,223)],[11.22,(73,223)],[2.89,(73,223)],[0.85,(73,223)],[1.902,(73,223)],[3.012,(73,223)],[0.85,(73,223)],[1.902,(73,223)],[3.012,(73,223)],[5.78,(73,223)]]
A-lifted_19_20_500;[[10.11,(73,223)],[6.672,(73,223)],[3.437,(73,223)],[3.23,(73,223)],[12.54,(73,223)],[3.23,(73,223)],[0.95,(73,223)],[2.126,(73,223)],[3.367,(73,223)],[0.95,(73,223)],[2.126,(73,223)],[3.367,(73,223)],[6.46,(73,223)]]
A-lifted_5_25_500;[[2.758,(61,198)],[1.821,(61,198)],[0.938,(61,198)],[0.85,(36,148)],[3.3,(36,148)],[0.85,(36,148)],[0.25,(36,148)],[0.646,(36,148)],[0.886,(36,148)],[0.25,(36,148)],[0.646,(36,148)],[0.886,(36,148)],[1.7,(36,148)]]
A-lifted_7_25_500;[[3.862,(73,223)],[2.549,(73,223)],[1.313,(73,223)],[1.19,(36,148)],[4.62,(36,148)],[1.19,(36,148)],[0.35,(36,198)],[0.905,(36,198)],[1.24,(36,198)],[0.35,(36,198)],[0.905,(36,198)],[1.24,(36,198)],[2.38,(36,198)]]
A-lifted_9_25_500;[[4.965,(73,223)],[3.277,(73,223)],[1.688,(73,223)],[1.53,(36,198)],[5.94,(36,198)],[1.53,(36,198)],[0.45,(73,223)],[1.163,(73,223)],[1.595,(73,223)],[0.45,(73,223)],[1.163,(73,223)],[1.595,(73,223)],[3.06,(73,223)]]
A-lifted_11_25_500;[[6.069,(73,223)],[4.005,(73,223)],[2.063,(73,223)],[1.87,(73,223)],[7.26,(73,223)],[1.87,(73,223)],[0.55,(73,223)],[1.422,(73,223)],[1.949,(73,223)],[0.55,(73,223)],[1.422,(73,223)],[1.949,(73,223)],[3.74,(73,223)]]
A-lifted_13_25_500;[[7.172,(73,223)],[4.733,(73,223)],[2.438,(73,223)],[2.21,(73,223)],[8.58,(73,223)],[2.21,(73,223)],[0.65,(73,223)],[1.681,(73,223)],[2.304,(73,223)],[0.65,(73,223)],[1.681,(73,223)],[2.304,(73,223)],[4.42,(73,223)]]
A-lifted_15_25_500;[[8.275,(73,223)],[5.462,(73,223)],[2.814,(73,223)],[2.55,(73,223)],[9.9,(73,223)],[2.55,(73,223)],[0.75,(73,223)],[1.939,(73,223)],[2.658,(73,223)],[0.75,(73,223)],[1.939,(73,223)],[2.658,(73,223)],[5.1,(73,223)]]
A-lifted_17_25_500;[[9.379,(73,223)],[6.19,(73,223)],[3.189,(73,223)],[2.89,(73,223)],[11.22,(73,223)],[2.89,(73,223)],[0.85,(73,223)],[2.198,(73,223)],[3.012,(73,223)],[0.85,(73,223)],[2.198,(73,223)],[3.012,(73,223)],[5.78,(73,223)]]
A-lifted_19_25_500;[[10.482,(73,223)],[6.918,(73,223)],[3.564,(73,223)],[3.23,(73,223)],[12.54,(73,223)],[3.23,(73,223)],[0.95,(73,223)],[2.456,(73,223)],[3.367,(73,223)],[0.95,(73,223)],[2.456,(73,223)],[3.367,(73,223)],[6.46,(73,223)]]
A-lifted_5_30_500;[[2.887,(61,198)],[1.905,(61,198)],[0.981,(61,198)],[0.85,(36,148)],[3.3,(36,148)],[0.85,(36,148)],[0.25,(36,148)],[0.741,(36,148)],[0.886,(36,148)],[0.25,(36,148)],[0.741,(36,148)],[0.886,(36,148)],[1.7,(36,148)]]
A-lifted_7_30_500;[[4.041,(73,223)],[2.667,(73,223)],[1.374,(73,223)],[1.19,(36,148)],[4.62,(36,148)],[1.19,(36,148)],[0.35,(36,198)],[1.037,(36,198)],[1.24,(36,198)],[0.35,(36,198)],[1.037,(36,198)],[1.24,(36,198)],[2.38,(36,198)]]
A-lifted_9_30_500;[[5.196,(73,223)],[3.429,(73,223)],[1.767,(73,223)],[1.53,(36,198)],[5.94,(36,198)],[1.53,(36,198)],[0.45,(73,223)],[1.333,(73,223)],[1.595,(73,223)],[0.45,(73,223)],[1.333,(73,223)],[1.595,(73,223)],[3.06,(73,223)]]
A-lifted_11_30_500;[[6.351,(73,223)],[4.192,(73,223)],[2.159,(73,223)],[1.87,(73,223)],[7.26,(73,223)],[1.87,(73,223)],[0.55,(73,223)],[1.63,(73,223)],[1.949,(73,223)],[0.55,(73,223)],[1.63,(73,223)],[1.949,(73,223)],[3.74,(73,223)]]
A-lifted_13_30_500;[[7.506,(73,223)],[4.954,(73,223)],[2.552,(73,223)],[2.21,(73,223)],[8.58,(73,223)],[2.21,(73,223)],[0.65,(73,223)],[1.926,(73,223)],[2.304,(73,223)],[0.65,(73,223)],[1.926,(73,223)],[2.304,(73,223)],[4.42,(73,223)]]
A-lifted_15_30_500;[[8.66,(73,223)],[5.716,(73,223)],[2.944,(73,223)],[2.55,(73,223)],[9.9,(73,223)],[2.55,(73,223)],[0.75,(73,223)],[2.222,(73,223)],[2.658,(73,223)],[0.75,(73,223)],[2.222,(73,223)],[2.658,(73,223)],[5.1,(73,223)]]
A-lifted_17_30_500;[[9.815,(73,223)],[6.478,(73,223)],[3.337,(73,223)],[2.89,(73,223)],[11.22,(73,223)],[2.89,(73,223)],[0.85,(73,223)],[2.519,(73,223)],[3.012,(73,223)],[0.85,(73,223)],[2.519,(73,223)],[3.012,(73,223)],[5.78,(73,223)]]
A-lifted_19_30_500;[[10.97,(73,223)],[7.24,(73,223)],[3.73,(73,223)],[3.23,(73,223)],[12.54,(73,223)],[3.23,(73,223)],[0.95,(73,223)],[2.815,(73,223)],[3.367,(73,223)],[0.95,(73,223)],[2.815,(73,223)],[3.367,(73,223)],[6.46,(73,223)]]
A-lifted_5_35_500;[[3.052,(61,198)],[2.014,(61,198)],[1.038,(61,198)],[0.85,(36,148)],[3.3,(36,148)],[0.85,(36,148)],[0.25,(36,148)],[0.845,(36,148)],[0.886,(36,148)],[0.25,(36,148)],[0.845,(36,148)],[0.886,(36,148)],[1.7,(36,148)]]
A-lifted_7_35_500;[[4.273,(73,223)],[2.82,(73,223)],[1.453,(73,223)],[1.19,(36,148)],[4.62,(36,148)],[1.19,(36,148)],[0.35,(36,198)],[1.183,(36,198)],[1.24,(36,198)],[0.35,(36,198)],[1.183,(36,198)],[1.24,(36,198)],[2.38,(36,198)]]
A-lifted_9_35_500;[[5.493,(73,223)],[3.626,(73,223)],[1.868,(73,223)],[1.53,(48,198)],[5.94,(48,198)],[1.53,(48,198)],[0.45,(73,223)],[1.521,(73,223)],[1.595,(73,223)],[0.45,(73,223)],[1.521,(73,223)],[1.595,(73,223)],[3.06,(73,223)]]
A-lifted_11_35_500;[[6.714,(73,223)],[4.431,(73,223)],[2.283,(73,223)],[1.87,(73,223)],[7.26,(73,223)],[1.87,(73,223)],[0.55,(73,223)],[1.859,(73,223)],[1.949,(73,223)],[0.55,(73,223)],[1.859,(73,223)],[1.949,(73,223)],[3.74,(73,223)]]
A-lifted_13_35_500;[[7.935,(73,223)],[5.237,(73,223)],[2.698,(73,223)],[2.21,(73,223)],[8.58,(73,223)],[2.21,(73,223)],[0.65,(73,223)],[2.197,(73,223)],[2.304,(73,223)],[0.65,(73,223)],[2.197,(73,223)],[2.304,(73,223)],[4.42,(73,223)]]
A-lifted_15_35_500;[[9.156,(73,223)],[6.043,(73,223)],[3.113,(73,223)],[2.55,(73,223)],[9.9,(73,223)],[2.55,(73,223)],[0.75,(73,223)],[2.536,(73,223)],[2.658,(73,223)],[0.75,(73,223)],[2.536,(73,223)],[2.658,(73,223)],[5.1,(73,223)]]
A-lifted_17_35_500;[[10.377,(73,223)],[6.849,(73,223)],[3.528,(73,223)],[2.89,(73,223)],[11.22,(73,223)],[2.89,(73,223)],[0.85,(73,223)],[2.874,(73,223)],[3.012,(73,223)],[0.85,(73,223)],[2.874,(73,223)],[3.012,(73,223)],[5.78,(73,223)]]
A-lifted_19_35_500;[[11.597,(73,223)],[7.654,(73,223)],[3.943,(73,223)],[3.23,(73,223)],[12.54,(73,223)],[3.23,(73,223)],[0.95,(73,223)],[3.212,(73,223)],[3.367,(73,223)],[0.95,(73,223)],[3.212,(73,223)],[3.367,(73,223)],[6.46,(73,223)]]
A-lifted_5_40_500;[[3.264,(61,198)],[2.154,(61,198)],[1.11,(61,198)],[0.85,(36,148)],[3.3,(36,148)],[0.85,(36,148)],[0.25,(36,148)],[0.963,(36,148)],[0.886,(36,148)],[0.25,(36,148)],[0.963,(36,148)],[0.886,(36,148)],[1.7,(36,148)]]
A-lifted_7_40_500;[[4.569,(73,223)],[3.015,(73,223)],[1.553,(73,223)],[1.19,(36,148)],[4.62,(36,148)],[1.19,(36,148)],[0.35,(36,198)],[1.349,(36,198)],[1.24,(36,198)],[0.35,(36,198)],[1.349,(36,198)],[1.24,(36,198)],[2.38,(36,198)]]
A-lifted_9_40_500;[[5.874,(73,223)],[3.877,(73,223)],[1.997,(73,223)],[1.53,(61,198)],[5.94,(61,198)],[1.53,(61,198)],[0.45,(73,223)],[1.734,(73,223)],[1.595,(73,223)],[0.45,(73,223)],[1.734,(73,223)],[1.595,(73,223)],[3.06,(73,223)]]
A-lifted_11_40_500;[[7.18,(73,223)],[4.739,(73,223)],[2.441,(73,223)],[1.87,(73,223)],[7.26,(73,223)],[1.87,(73,223)],[0.55,(73,223)],[2.119,(73,223)],[1.949,(73,223)],[0.55,(73,223)],[2.119,(73,223)],[1.949,(73,223)],[3.74,(73,223)]]
A-lifted_13_40_500;[[8.485,(73,223)],[5.6,(73,223)],[2.885,(73,223)],[2.21,(73,223)],[8.58,(73,223)],[2.21,(73,223)],[0.65,(73,223)],[2.504,(73,223)],[2.304,(73,223)],[0.65,(73,223)],[2.504,(73,223)],[2.304,(73,223)],[4.42,(73,223)]]
A-lifted_15_40_500;[[9.791,(73,223)],[6.462,(73,223)],[3.329,(73,223)],[2.55,(73,223)],[9.9,(73,223)],[2.55,(73,223)],[0.75,(73,223)],[2.89,(73,223)],[2.658,(73,223)],[0.75,(73,223)],[2.89,(73,223)],[2.658,(73,223)],[5.1,(73,223)]]
A-lifted_17_40_500;[[11.096,(73,223)],[7.323,(73,223)],[3.773,(73,223)],[2.89,(73,223)],[11.22,(73,223)],[2.89,(73,223)],[0.85,(73,223)],[3.275,(73,223)],[3.012,(73,223)],[0.85,(73,223)],[3.275,(73,223)],[3.012,(73,223)],[5.78,(73,223)]]
A-lifted_19_40_500;[[12.401,(73,223)],[8.185,(73,223)],[4.216,(73,223)],[3.23,(73,223)],[12.54,(73,223)],[3.23,(73,223)],[0.95,(73,223)],[3.66,(73,223)],[3.367,(73,223)],[0.95,(73,223)],[3.66,(73,223)],[3.367,(73,223)],[6.46,(73,223)]]
A-lifted_5_45_500;[[3.536,(61,198)],[2.333,(61,198)],[1.202,(61,198)],[0.85,(36,148)],[3.3,(36,148)],[0.85,(36,148)],[0.25,(36,148)],[1.1,(36,148)],[0.886,(36,148)],[0.25,(36,148)],[1.1,(36,148)],[0.886,(36,148)],[1.7,(36,148)]]
A-lifted_7_45_500;[[4.95,(73,223)],[3.267,(73,223)],[1.683,(73,223)],[1.19,(36,148)],[4.62,(36,148)],[1.19,(36,148)],[0.35,(36,198)],[1.54,(36,198)],[1.24,(36,198)],[0.35,(36,198)],[1.54,(36,198)],[1.24,(36,198)],[2.38,(36,198)]]
A-lifted_9_45_500;[[6.364,(73,223)],[4.2,(73,223)],[2.164,(73,223)],[1.53,(73,198)],[5.94,(73,198)],[1.53,(73,198)],[0.45,(73,223)],[1.98,(73,223)],[1.595,(73,223)],[0.45,(73,223)],[1.98,(73,223)],[1.595,(73,223)],[3.06,(73,223)]]
A-lifted_11_45_500;[[7.778,(73,223)],[5.134,(73,223)],[2.645,(73,223)],[1.87,(73,223)],[7.26,(73,223)],[1.87,(73,223)],[0.55,(73,223)],[2.42,(73,223)],[1.949,(73,223)],[0.55,(73,223)],[2.42,(73,223)],[1.949,(73,223)],[3.74,(73,223)]]
A-lifted_13_45_500;[[9.192,(73,223)],[6.067,(73,223)],[3.125,(73,223)],[2.21,(73,223)],[8.58,(73,223)],[2.21,(73,223)],[0.65,(73,223)],[2.86,(73,223)],[2.304,(73,223)],[0.65,(73,223)],[2.86,(73,223)],[2.304,(73,223)],[4.42,(73,223)]]
A-lifted_15_45_500;[[10.607,(73,223)],[7,(73,223)],[3.606,(73,223)],[2.55,(73,223)],[9.9,(73,223)],[2.55,(73,223)],[0.75,(73,223)],[3.3,(73,223)],[2.658,(73,223)],[0.75,(73,223)],[3.3,(73,223)],[2.658,(73,223)],[5.1,(73,223)]]
A-lifted_17_45_500;[[12.021,(73,223)],[7.934,(73,223)],[4.087,(73,223)],[2.89,(73,223)],[11.22,(73,223)],[2.89,(73,223)],[0.85,(73,223)],[3.74,(73,223)],[3.012,(73,223)],[0.85,(73,223)],[3.74,(73,223)],[3.012,(73,223)],[5.78,(73,223)]]
A-lifted_19_45_500;[[13.435,(73,223)],[8.867,(73,223)],[4.568,(73,223)],[3.23,(73,223)],[12.54,(73,223)],[3.23,(73,223)],[0.95,(73,223)],[4.18,(73,223)],[3.367,(73,223)],[0.95,(73,223)],[4.18,(73,223)],[3.367,(73,223)],[6.46,(73,223)]]